18.4355,+1.000034000
16.7137,+2.000034000
0.478001,+3.000034000
14.7186,+4.000034000
23.0393,+5.000034000
14.5706,+6.000034000
11.0444,+7.000034000
19.9764,+8.000034000
15.0331,+9.000034000
-10.9566,+10.000034000
19.4432,+11.000034000
17.9572,+12.000034000
-0.5212,+13.000034000
9.34749,+14.000034000
15.9541,+15.000034000
18.2286,+16.000034000
2.47411,+17.000034000
7.89125,+18.000034000
18.0037,+19.000034000
14.691,+20.000034000
4.75364,+21.000034000
12.463,+22.000034000
13.3717,+23.000034000
19.002,+24.000034000
-2.80765,+25.000034000
22.2303,+26.000034000
12.6042,+27.000034000
18.6261,+28.000034000
16.8004,+29.000034000
5.1315,+30.000034000
17.5439,+31.000034000
19.4556,+32.000034000
14.9777,+33.000034000
15.7039,+34.000034000
16.5323,+35.000034000
18.9521,+36.000034000
3.14145,+37.000034000
15.2507,+38.000034000
15.8524,+39.000034000
12.3421,+40.000034000
12.6228,+41.000034000
16.8291,+42.000034000
7.46207,+43.000034000
-11.5552,+44.000034000
18.1618,+45.000034000
6.79723,+46.000034000
9.26344,+47.000034000
20.8296,+48.000034000
12.6363,+49.000034000
11.9755,+50.000034000
7.01747,+51.000034000
17.7067,+52.000034000
20.8796,+53.000034000
16.9256,+54.000034000
20.3219,+55.000034000
10.6794,+56.000034000
18.3215,+57.000034000
11.1634,+58.000034000
15.1178,+59.000034000
19.0713,+60.000034000
21.8739,+61.000034000
15.073,+62.000034000
18.9647,+63.000034000
11.5852,+64.000034000
1.8996,+65.000034000
5.53766,+66.000034000
15.9396,+67.000034000
14.9242,+68.000034000
15.2349,+69.000034000
11.9936,+70.000034000
13.798,+71.000034000
5.32442,+72.000034000
13.6632,+73.000034000
20.8289,+74.000034000
17.7539,+75.000034000
10.8987,+76.000034000
16.7719,+77.000034000
11.532,+78.000034000
3.00997,+79.000034000
17.3712,+80.000034000
2.30462,+81.000034000
14.7934,+82.000034000
21.8411,+83.000034000
21.6994,+84.000034000
17.2223,+85.000034000
-2.23669,+86.000034000
9.13572,+87.000034000
5.31044,+88.000034000
13.9811,+89.000034000
15.8844,+90.000034000
13.7376,+91.000034000
7.83485,+92.000034000
3.15973,+93.000034000
13.3959,+94.000034000
17.2016,+95.000034000
15.1,+96.000034000
22.3311,+97.000034000
19.8362,+98.000034000
7.32111,+99.000034000
8.70861,+100.000034000
13.4003,+101.000034000
13.705,+102.000034000
21.1292,+103.000034000
15.6649,+104.000034000
18.5096,+105.000034000
19.5378,+106.000034000
15.7937,+107.000034000
15.9183,+108.000034000
12.8844,+109.000034000
13.2584,+110.000034000
1.12065,+111.000034000
18.0808,+112.000034000
22.0238,+113.000034000
10.4689,+114.000034000
15.6382,+115.000034000
7.69062,+116.000034000
14.4763,+117.000034000
10.8656,+118.000034000
20.0158,+119.000034000
14.1605,+120.000034000
14.174,+121.000034000
7.44401,+122.000034000
15.2348,+123.000034000
20.2761,+124.000034000
10.1772,+125.000034000
17.8673,+126.000034000
-5.40727,+127.000034000
13.0335,+128.000034000
22.1027,+129.000034000
17.2139,+130.000034000
14.2595,+131.000034000
17.0589,+132.000034000
6.51067,+133.000034000
10.7735,+134.000034000
14.8139,+135.000034000
7.1909,+136.000034000
10.8559,+137.000034000
16.5318,+138.000034000
12.7505,+139.000034000
11.8122,+140.000034000
9.71663,+141.000034000
21.6276,+142.000034000
5.07387,+143.000034000
11.7203,+144.000034000
14.1923,+145.000034000
18.7319,+146.000034000
15.7875,+147.000034000
18.4972,+148.000034000
17.8787,+149.000034000
10.749,+150.000034000
19.7199,+151.000034000
13.6529,+152.000034000
20.7854,+153.000034000
6.15372,+154.000034000
13.3303,+155.000034000
7.35225,+156.000034000
12.8638,+157.000034000
14.2986,+158.000034000
15.7896,+159.000034000
13.4811,+160.000034000
14.2263,+161.000034000
19.3817,+162.000034000
13.5861,+163.000034000
16.3141,+164.000034000
17.1282,+165.000034000
23.0691,+166.000034000
13.5709,+167.000034000
14.9692,+168.000034000
17.3699,+169.000034000
16.5626,+170.000034000
21.8728,+171.000034000
10.7069,+172.000034000
15.754,+173.000034000
17.6139,+174.000034000
19.8293,+175.000034000
12.8612,+176.000034000
16.1099,+177.000034000
11.3384,+178.000034000
9.99202,+179.000034000
4.3999,+180.000034000
19.4869,+181.000034000
18.7948,+182.000034000
16.7785,+183.000034000
7.18022,+184.000034000
21.3136,+185.000034000
15.6496,+186.000034000
13.7499,+187.000034000
21.0075,+188.000034000
5.79885,+189.000034000
10.9101,+190.000034000
19.8789,+191.000034000
14.6968,+192.000034000
19.1849,+193.000034000
15.3671,+194.000034000
5.76495,+195.000034000
19.4711,+196.000034000
6.83797,+197.000034000
24.3381,+198.000034000
0.385195,+199.000034000
19.6626,+200.000034000
12.7259,+201.000034000
11.0797,+202.000034000
17.4345,+203.000034000
20.6632,+204.000034000
11.6398,+205.000034000
17.5377,+206.000034000
12.62,+207.000034000
16.7133,+208.000034000
10.5991,+209.000034000
7.96243,+210.000034000
18.5452,+211.000034000
16.8151,+212.000034000
21.3649,+213.000034000
13.7281,+214.000034000
20.9443,+215.000034000
7.05325,+216.000034000
6.84703,+217.000034000
10.289,+218.000034000
11.6606,+219.000034000
18.3638,+220.000034000
16.3863,+221.000034000
17.373,+222.000034000
13.4761,+223.000034000
11.9802,+224.000034000
7.74872,+225.000034000
12.6274,+226.000034000
19.5924,+227.000034000
11.1349,+228.000034000
19.9161,+229.000034000
23.4691,+230.000034000
17.8654,+231.000034000
20.5137,+232.000034000
17.4497,+233.000034000
20.2814,+234.000034000
21.4655,+235.000034000
17.48,+236.000034000
10.2531,+237.000034000
16.9654,+238.000034000
8.67534,+239.000034000
24.0426,+240.000034000
7.12749,+241.000034000
6.92303,+242.000034000
16.8025,+243.000034000
14.8037,+244.000034000
15.6345,+245.000034000
10.3676,+246.000034000
21.3216,+247.000034000
20.7094,+248.000034000
14.9307,+249.000034000
22.5569,+250.000034000
14.2596,+251.000034000
18.8796,+252.000034000
2.038,+253.000034000
2.02102,+254.000034000
12.8222,+255.000034000
20.6407,+256.000034000
7.03646,+257.000034000
11.4449,+258.000034000
14.7115,+259.000034000
17.0595,+260.000034000
5.96115,+261.000034000
21.003,+262.000034000
20.8995,+263.000034000
21.4263,+264.000034000
11.9985,+265.000034000
19.4633,+266.000034000
15.6704,+267.000034000
17.265,+268.000034000
15.437,+269.000034000
7.1583,+270.000034000
16.042,+271.000034000
21.9477,+272.000034000
7.56494,+273.000034000
20.2892,+274.000034000
22.0958,+275.000034000
9.28819,+276.000034000
20.1484,+277.000034000
16.1069,+278.000034000
21.2044,+279.000034000
17.5648,+280.000034000
12.2632,+281.000034000
12.6854,+282.000034000
22.1241,+283.000034000
20.3223,+284.000034000
19.9619,+285.000034000
19.468,+286.000034000
17.2483,+287.000034000
14.1949,+288.000034000
19.65,+289.000034000
8.52573,+290.000034000
14.4647,+291.000034000
19.8147,+292.000034000
16.0549,+293.000034000
18.7043,+294.000034000
18.2241,+295.000034000
5.28975,+296.000034000
18.83,+297.000034000
22.5939,+298.000034000
14.1569,+299.000034000
13.9282,+300.000034000
8.64096,+301.000034000
18.634,+302.000034000
13.6504,+303.000034000
15.1433,+304.000034000
5.32124,+305.000034000
15.908,+306.000034000
6.29666,+307.000034000
18.9364,+308.000034000
10.0817,+309.000034000
2.19603,+310.000034000
10.3494,+311.000034000
24.3175,+312.000034000
7.24662,+313.000034000
19.809,+314.000034000
13.6651,+315.000034000
16.4961,+316.000034000
18.5905,+317.000034000
11.433,+318.000034000
19.9703,+319.000034000
16.0996,+320.000034000
14.7499,+321.000034000
19.3728,+322.000034000
5.65566,+323.000034000
11.5431,+324.000034000
14.5402,+325.000034000
16.3626,+326.000034000
21.2893,+327.000034000
16.7384,+328.000034000
13.4175,+329.000034000
17.2892,+330.000034000
13.2153,+331.000034000
4.77316,+332.000034000
14.3579,+333.000034000
5.59317,+334.000034000
13.0879,+335.000034000
18.3712,+336.000034000
11.1167,+337.000034000
11.9281,+338.000034000
17.7164,+339.000034000
13.0895,+340.000034000
19.6909,+341.000034000
10.6182,+342.000034000
1.9017,+343.000034000
-4.35098,+344.000034000
8.87044,+345.000034000
18.8453,+346.000034000
17.4183,+347.000034000
11.0654,+348.000034000
-2.65277,+349.000034000
19.7279,+350.000034000
15.1165,+351.000034000
13.325,+352.000034000
7.26199,+353.000034000
18.176,+354.000034000
20.5226,+355.000034000
22.1811,+356.000034000
12.0252,+357.000034000
9.98389,+358.000034000
16.5543,+359.000034000
14.4502,+360.000034000
15.725,+361.000034000
21.1097,+362.000034000
-3.63327,+363.000034000
12.229,+364.000034000
12.3409,+365.000034000
14.8064,+366.000034000
18.0959,+367.000034000
13.1041,+368.000034000
-14.8833,+369.000034000
9.4044,+370.000034000
18.4016,+371.000034000
14.2143,+372.000034000
11.369,+373.000034000
4.87953,+374.000034000
14.3061,+375.000034000
21.0788,+376.000034000
21.3551,+377.000034000
17.1903,+378.000034000
13.0328,+379.000034000
16.5643,+380.000034000
14.6412,+381.000034000
9.05054,+382.000034000
18.418,+383.000034000
5.25367,+384.000034000
14.3501,+385.000034000
10.007,+386.000034000
12.3405,+387.000034000
13.5546,+388.000034000
12.9233,+389.000034000
2.71752,+390.000034000
13.5579,+391.000034000
7.00104,+392.000034000
8.79044,+393.000034000
9.12778,+394.000034000
19.0337,+395.000034000
9.00363,+396.000034000
11.9924,+397.000034000
15.2993,+398.000034000
17.0156,+399.000034000
9.20023,+400.000034000
11.317,+401.000034000
16.2689,+402.000034000
19.2746,+403.000034000
16.9664,+404.000034000
19.0383,+405.000034000
16.0903,+406.000034000
18.5432,+407.000034000
12.2777,+408.000034000
12.0899,+409.000034000
18.5195,+410.000034000
13.7849,+411.000034000
25.9878,+412.000034000
12.6144,+413.000034000
17.5865,+414.000034000
-2.41991,+415.000034000
-0.672829,+416.000034000
19.0161,+417.000034000
12.0333,+418.000034000
17.1937,+419.000034000
3.8166,+420.000034000
13.9492,+421.000034000
14.1385,+422.000034000
7.52063,+423.000034000
17.8102,+424.000034000
16.83,+425.000034000
16.9731,+426.000034000
12.0743,+427.000034000
15.3975,+428.000034000
15.4958,+429.000034000
19.4796,+430.000034000
14.3477,+431.000034000
-2.98868,+432.000034000
16.8238,+433.000034000
11.4461,+434.000034000
16.4206,+435.000034000
13.4632,+436.000034000
7.18225,+437.000034000
16.4274,+438.000034000
16.2942,+439.000034000
14.7184,+440.000034000
21.9917,+441.000034000
15.267,+442.000034000
18.1628,+443.000034000
18.5831,+444.000034000
7.25128,+445.000034000
17.791,+446.000034000
3.19649,+447.000034000
16.7985,+448.000034000
16.0311,+449.000034000
15.1954,+450.000034000
18.4915,+451.000034000
21.6516,+452.000034000
14.969,+453.000034000
20.7255,+454.000034000
20.1919,+455.000034000
17.6298,+456.000034000
-1.45845,+457.000034000
13.7967,+458.000034000
20.0818,+459.000034000
19.3997,+460.000034000
16.1131,+461.000034000
12.8107,+462.000034000
14.9047,+463.000034000
21.1383,+464.000034000
-11.7796,+465.000034000
13.6338,+466.000034000
19.8181,+467.000034000
11.6318,+468.000034000
11.1473,+469.000034000
10.4043,+470.000034000
12.151,+471.000034000
20.5957,+472.000034000
14.6165,+473.000034000
16.8724,+474.000034000
16.6086,+475.000034000
13.3707,+476.000034000
15.2547,+477.000034000
15.7869,+478.000034000
20.4238,+479.000034000
15.9868,+480.000034000
8.82575,+481.000034000
21.1202,+482.000034000
-1.09893,+483.000034000
-3.15105,+484.000034000
12.0458,+485.000034000
16.9139,+486.000034000
12.7008,+487.000034000
23.0408,+488.000034000
22.3314,+489.000034000
12.589,+490.000034000
17.2815,+491.000034000
14.5627,+492.000034000
21.0995,+493.000034000
19.3572,+494.000034000
13.0256,+495.000034000
5.87111,+496.000034000
19.5486,+497.000034000
17.0242,+498.000034000
21.9197,+499.000034000
11.5025,+500.000034000
15.8383,+501.000034000
5.08563,+502.000034000
12.315,+503.000034000
14.9777,+504.000034000
12.664,+505.000034000
15.7879,+506.000034000
15.3146,+507.000034000
19.5043,+508.000034000
11.6288,+509.000034000
19.3667,+510.000034000
17.8529,+511.000034000
10.104,+512.000034000
15.6823,+513.000034000
17.7881,+514.000034000
8.97665,+515.000034000
23.9635,+516.000034000
17.5449,+517.000034000
7.98547,+518.000034000
13.0177,+519.000034000
20.1363,+520.000034000
15.1942,+521.000034000
10.7258,+522.000034000
11.7513,+523.000034000
13.6511,+524.000034000
16.6667,+525.000034000
15.515,+526.000034000
13.8583,+527.000034000
15.9127,+528.000034000
9.47841,+529.000034000
16.9504,+530.000034000
21.7059,+531.000034000
17.8556,+532.000034000
22.0243,+533.000034000
12.1256,+534.000034000
20.6034,+535.000034000
24.8575,+536.000034000
18.8646,+537.000034000
11.7705,+538.000034000
20.2281,+539.000034000
21.5784,+540.000034000
4.53519,+541.000034000
12.624,+542.000034000
13.5193,+543.000034000
18.2511,+544.000034000
15.2406,+545.000034000
21.0939,+546.000034000
14.9891,+547.000034000
14.4517,+548.000034000
7.9859,+549.000034000
18.8746,+550.000034000
16.3556,+551.000034000
17.7136,+552.000034000
14.9759,+553.000034000
14.3881,+554.000034000
16.8228,+555.000034000
15.9883,+556.000034000
18.7975,+557.000034000
11.4929,+558.000034000
13.9489,+559.000034000
16.6479,+560.000034000
14.7144,+561.000034000
10.3344,+562.000034000
19.0947,+563.000034000
13.591,+564.000034000
22.0975,+565.000034000
11.5119,+566.000034000
23.0937,+567.000034000
18.973,+568.000034000
12.6159,+569.000034000
14.0929,+570.000034000
11.6733,+571.000034000
7.41232,+572.000034000
8.0025,+573.000034000
13.1716,+574.000034000
20.5084,+575.000034000
17.6888,+576.000034000
18.853,+577.000034000
-14.9418,+578.000034000
11.4625,+579.000034000
18.2191,+580.000034000
19.2559,+581.000034000
20.5689,+582.000034000
14.1913,+583.000034000
17.0739,+584.000034000
20.2973,+585.000034000
19.2991,+586.000034000
18.7501,+587.000034000
10.1926,+588.000034000
21.8659,+589.000034000
17.7333,+590.000034000
12.088,+591.000034000
14.4707,+592.000034000
16.8806,+593.000034000
15.7134,+594.000034000
11.5459,+595.000034000
19.349,+596.000034000
11.3371,+597.000034000
17.1722,+598.000034000
22.8411,+599.000034000
13.8979,+600.000034000
17.8699,+601.000034000
15.1113,+602.000034000
15.4492,+603.000034000
22.6162,+604.000034000
13.5964,+605.000034000
13.2928,+606.000034000
10.1434,+607.000034000
1.46439,+608.000034000
14.5079,+609.000034000
18.3001,+610.000034000
13.421,+611.000034000
10.1535,+612.000034000
14.6095,+613.000034000
17.3528,+614.000034000
21.7297,+615.000034000
14.0482,+616.000034000
18.1033,+617.000034000
4.942,+618.000034000
23.1639,+619.000034000
8.04101,+620.000034000
19.8453,+621.000034000
16.1132,+622.000034000
13.5768,+623.000034000
15.6714,+624.000034000
19.8148,+625.000034000
21.3013,+626.000034000
12.1588,+627.000034000
19.4261,+628.000034000
17.1855,+629.000034000
11.9511,+630.000034000
24.0406,+631.000034000
15.0985,+632.000034000
3.46889,+633.000034000
17.6747,+634.000034000
13.567,+635.000034000
19.3827,+636.000034000
15.3633,+637.000034000
14.255,+638.000034000
15.4809,+639.000034000
15.5531,+640.000034000
18.1464,+641.000034000
14.3354,+642.000034000
11.9846,+643.000034000
21.627,+644.000034000
12.7555,+645.000034000
17.7582,+646.000034000
12.5069,+647.000034000
3.80295,+648.000034000
1.78483,+649.000034000
1.89282,+650.000034000
19.7233,+651.000034000
7.11545,+652.000034000
23.3033,+653.000034000
20.5876,+654.000034000
11.9468,+655.000034000
15.8557,+656.000034000
15.819,+657.000034000
13.2959,+658.000034000
16.0932,+659.000034000
21.3358,+660.000034000
20.0185,+661.000034000
15.2744,+662.000034000
15.8357,+663.000034000
8.83029,+664.000034000
21.8651,+665.000034000
17.2791,+666.000034000
21.0459,+667.000034000
20.5759,+668.000034000
19.8888,+669.000034000
15.4762,+670.000034000
16.3496,+671.000034000
9.18248,+672.000034000
18.2382,+673.000034000
11.534,+674.000034000
8.19453,+675.000034000
16.1785,+676.000034000
8.88965,+677.000034000
12.637,+678.000034000
12.6931,+679.000034000
6.5623,+680.000034000
17.1411,+681.000034000
-6.14705,+682.000034000
23.7635,+683.000034000
11.1412,+684.000034000
13.6749,+685.000034000
8.38408,+686.000034000
18.0285,+687.000034000
15.1051,+688.000034000
20.6752,+689.000034000
14.7337,+690.000034000
12.5952,+691.000034000
11.7736,+692.000034000
11.8332,+693.000034000
14.6719,+694.000034000
18.4451,+695.000034000
24.7877,+696.000034000
9.98796,+697.000034000
15.5556,+698.000034000
13.8744,+699.000034000
21.5955,+700.000034000
18.8555,+701.000034000
12.0722,+702.000034000
9.11701,+703.000034000
16.1323,+704.000034000
15.6902,+705.000034000
16.5429,+706.000034000
17.2003,+707.000034000
17.1802,+708.000034000
11.1131,+709.000034000
19.6825,+710.000034000
15.8789,+711.000034000
19.7643,+712.000034000
23.742,+713.000034000
12.0832,+714.000034000
16.1354,+715.000034000
4.34804,+716.000034000
21.8801,+717.000034000
16.0203,+718.000034000
23.1958,+719.000034000
15.0259,+720.000034000
15.3293,+721.000034000
16.3776,+722.000034000
14.5259,+723.000034000
17.9332,+724.000034000
22.931,+725.000034000
19.9219,+726.000034000
9.80735,+727.000034000
18.9569,+728.000034000
10.5383,+729.000034000
18.6575,+730.000034000
12.1407,+731.000034000
15.7478,+732.000034000
15.087,+733.000034000
14.9914,+734.000034000
13.3147,+735.000034000
20.1336,+736.000034000
14.2258,+737.000034000
14.4344,+738.000034000
10.8149,+739.000034000
18.0464,+740.000034000
11.1922,+741.000034000
18.1938,+742.000034000
14.6,+743.000034000
20.4012,+744.000034000
20.744,+745.000034000
11.9468,+746.000034000
19.796,+747.000034000
22.2834,+748.000034000
17.4854,+749.000034000
16.6831,+750.000034000
12.1325,+751.000034000
19.5878,+752.000034000
17.1283,+753.000034000
19.2153,+754.000034000
11.2332,+755.000034000
13.9582,+756.000034000
10.783,+757.000034000
13.3749,+758.000034000
14.264,+759.000034000
19.1542,+760.000034000
19.6588,+761.000034000
13.1141,+762.000034000
19.7598,+763.000034000
14.4942,+764.000034000
20.3098,+765.000034000
0.787973,+766.000034000
18.698,+767.000034000
15.558,+768.000034000
8.44464,+769.000034000
10.1783,+770.000034000
6.37131,+771.000034000
4.75459,+772.000034000
15.5275,+773.000034000
20.7526,+774.000034000
21.6906,+775.000034000
14.7632,+776.000034000
19.7059,+777.000034000
18.1473,+778.000034000
20.3612,+779.000034000
16.5126,+780.000034000
21.4837,+781.000034000
18.6217,+782.000034000
8.13278,+783.000034000
14.0876,+784.000034000
12.2382,+785.000034000
11.8892,+786.000034000
11.4785,+787.000034000
14.9951,+788.000034000
19.3185,+789.000034000
16.4259,+790.000034000
10.481,+791.000034000
21.0672,+792.000034000
15.3927,+793.000034000
14.9003,+794.000034000
19.0284,+795.000034000
14.5474,+796.000034000
14.026,+797.000034000
4.85383,+798.000034000
17.5636,+799.000034000
12.7231,+800.000034000
14.5616,+801.000034000
10.3497,+802.000034000
20.3916,+803.000034000
22.0201,+804.000034000
8.85262,+805.000034000
17.7995,+806.000034000
17.3788,+807.000034000
18.5357,+808.000034000
23.2849,+809.000034000
19.6266,+810.000034000
16.8657,+811.000034000
13.5359,+812.000034000
13.0716,+813.000034000
15.6586,+814.000034000
9.45339,+815.000034000
16.244,+816.000034000
16.1541,+817.000034000
14.0637,+818.000034000
10.967,+819.000034000
14.4838,+820.000034000
19.8119,+821.000034000
15.6696,+822.000034000
10.4717,+823.000034000
20.9714,+824.000034000
11.1671,+825.000034000
15.046,+826.000034000
15.0842,+827.000034000
16.1582,+828.000034000
14.7065,+829.000034000
17.5509,+830.000034000
17.35,+831.000034000
11.0121,+832.000034000
23.8847,+833.000034000
9.5407,+834.000034000
7.77825,+835.000034000
12.9621,+836.000034000
-1.4534,+837.000034000
22.5165,+838.000034000
20.8751,+839.000034000
21.8068,+840.000034000
16.5139,+841.000034000
14.506,+842.000034000
19.2943,+843.000034000
15.0938,+844.000034000
21.1057,+845.000034000
15.5171,+846.000034000
13.5812,+847.000034000
17.6679,+848.000034000
14.3049,+849.000034000
14.4358,+850.000034000
14.8488,+851.000034000
4.74875,+852.000034000
13.9922,+853.000034000
10.948,+854.000034000
15.4784,+855.000034000
16.2215,+856.000034000
15.3834,+857.000034000
19.0747,+858.000034000
13.6849,+859.000034000
11.254,+860.000034000
11.8616,+861.000034000
13.223,+862.000034000
20.4322,+863.000034000
8.13029,+864.000034000
17.6396,+865.000034000
14.5321,+866.000034000
22.103,+867.000034000
7.16707,+868.000034000
19.9542,+869.000034000
-2.0652,+870.000034000
10.9746,+871.000034000
16.4937,+872.000034000
13.6872,+873.000034000
22.3048,+874.000034000
19.0647,+875.000034000
17.3844,+876.000034000
16.4405,+877.000034000
13.8862,+878.000034000
11.9929,+879.000034000
-8.09475,+880.000034000
6.41502,+881.000034000
16.5718,+882.000034000
18.7972,+883.000034000
10.05,+884.000034000
18.7757,+885.000034000
19.4001,+886.000034000
20.0496,+887.000034000
19.5036,+888.000034000
7.17081,+889.000034000
14.0689,+890.000034000
10.9812,+891.000034000
10.5558,+892.000034000
6.39605,+893.000034000
16.2387,+894.000034000
17.8825,+895.000034000
18.3285,+896.000034000
19.7558,+897.000034000
10.9453,+898.000034000
17.1056,+899.000034000
19.5962,+900.000034000
15.6575,+901.000034000
8.97098,+902.000034000
23.919,+903.000034000
8.71016,+904.000034000
20.6849,+905.000034000
17.7593,+906.000034000
13.0044,+907.000034000
14.0378,+908.000034000
15.4978,+909.000034000
4.12378,+910.000034000
10.8483,+911.000034000
20.1702,+912.000034000
7.81086,+913.000034000
19.3183,+914.000034000
13.5053,+915.000034000
16.627,+916.000034000
5.26446,+917.000034000
13.1682,+918.000034000
14.4934,+919.000034000
13.9795,+920.000034000
9.55609,+921.000034000
17.8071,+922.000034000
17.8581,+923.000034000
22.3297,+924.000034000
11.3054,+925.000034000
14.4486,+926.000034000
16.212,+927.000034000
12.8698,+928.000034000
14.5832,+929.000034000
12.8946,+930.000034000
16.4681,+931.000034000
12.783,+932.000034000
16.0951,+933.000034000
13.2905,+934.000034000
19.3917,+935.000034000
3.05526,+936.000034000
13.6199,+937.000034000
17.4487,+938.000034000
18.4867,+939.000034000
19.513,+940.000034000
17.7033,+941.000034000
11.9387,+942.000034000
16.9057,+943.000034000
18.428,+944.000034000
9.23013,+945.000034000
20.2571,+946.000034000
7.70552,+947.000034000
12.0471,+948.000034000
16.7661,+949.000034000
7.9813,+950.000034000
16.4604,+951.000034000
21.1539,+952.000034000
22.0457,+953.000034000
21.0253,+954.000034000
15.8937,+955.000034000
8.38303,+956.000034000
-0.24747,+957.000034000
20.0747,+958.000034000
17.9632,+959.000034000
16.1743,+960.000034000
14.5938,+961.000034000
12.9007,+962.000034000
13.2562,+963.000034000
-1.95266,+964.000034000
17.2293,+965.000034000
18.4403,+966.000034000
17.7047,+967.000034000
20.1261,+968.000034000
19.0734,+969.000034000
13.7027,+970.000034000
-6.89836,+971.000034000
21.3918,+972.000034000
20.1476,+973.000034000
11.1707,+974.000034000
14.2239,+975.000034000
21.8901,+976.000034000
16.9682,+977.000034000
8.68407,+978.000034000
15.1951,+979.000034000
-2.12879,+980.000034000
18.2956,+981.000034000
14.5388,+982.000034000
14.2789,+983.000034000
21.7581,+984.000034000
12.1579,+985.000034000
17.9802,+986.000034000
18.3307,+987.000034000
23.8461,+988.000034000
20.7664,+989.000034000
15.0643,+990.000034000
13.6592,+991.000034000
9.69253,+992.000034000
18.8646,+993.000034000
11.316,+994.000034000
19.1516,+995.000034000
19.2283,+996.000034000
18.0787,+997.000034000
8.92014,+998.000034000
9.47282,+999.000034000
19.2233,+1000.000034000
22.9317,+1001.000034000
3.0661,+1002.000034000
21.9078,+1003.000034000
17.582,+1004.000034000
12.3012,+1005.000034000
13.6276,+1006.000034000
3.85225,+1007.000034000
16.6629,+1008.000034000
11.532,+1009.000034000
20.5316,+1010.000034000
11.6033,+1011.000034000
9.0359,+1012.000034000
19.6381,+1013.000034000
9.52469,+1014.000034000
14.6689,+1015.000034000
18.6582,+1016.000034000
16.1317,+1017.000034000
22.9646,+1018.000034000
14.1388,+1019.000034000
26.3431,+1020.000034000
18.2986,+1021.000034000
20.4852,+1022.000034000
18.3611,+1023.000034000
13.5263,+1024.000034000
0.709983,+1025.000034000
16.2931,+1026.000034000
14.9731,+1027.000034000
13.6211,+1028.000034000
16.6864,+1029.000034000
19.7884,+1030.000034000
7.03025,+1031.000034000
11.6638,+1032.000034000
7.36949,+1033.000034000
10.6361,+1034.000034000
17.7937,+1035.000034000
18.4615,+1036.000034000
24.3253,+1037.000034000
12.8032,+1038.000034000
11.9208,+1039.000034000
17.7464,+1040.000034000
16.9651,+1041.000034000
18.6843,+1042.000034000
10.9372,+1043.000034000
9.2786,+1044.000034000
7.61826,+1045.000034000
13.9109,+1046.000034000
9.43046,+1047.000034000
5.62927,+1048.000034000
19.3354,+1049.000034000
8.55956,+1050.000034000
21.4866,+1051.000034000
24.8383,+1052.000034000
10.5923,+1053.000034000
18.5392,+1054.000034000
17.834,+1055.000034000
18.3114,+1056.000034000
17.3611,+1057.000034000
12.4797,+1058.000034000
10.3107,+1059.000034000
11.5082,+1060.000034000
14.0924,+1061.000034000
14.8901,+1062.000034000
18.6085,+1063.000034000
19.0601,+1064.000034000
17.6265,+1065.000034000
18.4093,+1066.000034000
20.7658,+1067.000034000
22.2274,+1068.000034000
8.76862,+1069.000034000
10.1753,+1070.000034000
0.504053,+1071.000034000
15.6404,+1072.000034000
18.3645,+1073.000034000
12.2588,+1074.000034000
12.6575,+1075.000034000
16.8626,+1076.000034000
22.4189,+1077.000034000
16.5633,+1078.000034000
17.9071,+1079.000034000
18.9944,+1080.000034000
18.8228,+1081.000034000
0.486902,+1082.000034000
16.7074,+1083.000034000
18.451,+1084.000034000
19.3886,+1085.000034000
19.268,+1086.000034000
13.8527,+1087.000034000
19.0395,+1088.000034000
18.3558,+1089.000034000
9.78354,+1090.000034000
16.6341,+1091.000034000
13.9618,+1092.000034000
19.5906,+1093.000034000
19.4805,+1094.000034000
11.0757,+1095.000034000
14.2295,+1096.000034000
19.5343,+1097.000034000
17.6051,+1098.000034000
13.3364,+1099.000034000
15.8106,+1100.000034000
16.8139,+1101.000034000
20.0601,+1102.000034000
10.7503,+1103.000034000
11.55,+1104.000034000
15.2987,+1105.000034000
16.203,+1106.000034000
16.1918,+1107.000034000
12.0858,+1108.000034000
7.20024,+1109.000034000
4.95855,+1110.000034000
5.28316,+1111.000034000
16.1813,+1112.000034000
13.9831,+1113.000034000
6.93433,+1114.000034000
14.9267,+1115.000034000
19.5694,+1116.000034000
20.3073,+1117.000034000
16.0093,+1118.000034000
15.8776,+1119.000034000
19.1125,+1120.000034000
16.0229,+1121.000034000
19.8181,+1122.000034000
13.3968,+1123.000034000
13.8892,+1124.000034000
8.69898,+1125.000034000
12.8922,+1126.000034000
18.6021,+1127.000034000
19.2301,+1128.000034000
20.2782,+1129.000034000
17.9162,+1130.000034000
16.139,+1131.000034000
14.4782,+1132.000034000
17.3554,+1133.000034000
21.3136,+1134.000034000
8.1107,+1135.000034000
11.0669,+1136.000034000
17.1047,+1137.000034000
1.13236,+1138.000034000
12.5155,+1139.000034000
10.3116,+1140.000034000
10.0307,+1141.000034000
10.3766,+1142.000034000
13.6716,+1143.000034000
16.5309,+1144.000034000
19.8338,+1145.000034000
11.8935,+1146.000034000
14.2029,+1147.000034000
14.3411,+1148.000034000
19.7878,+1149.000034000
10.0607,+1150.000034000
19.5447,+1151.000034000
19.0076,+1152.000034000
21.1483,+1153.000034000
17.5681,+1154.000034000
15.5008,+1155.000034000
9.4172,+1156.000034000
14.4182,+1157.000034000
20.474,+1158.000034000
12.5097,+1159.000034000
18.2415,+1160.000034000
15.807,+1161.000034000
18.3647,+1162.000034000
12.6459,+1163.000034000
16.5511,+1164.000034000
3.35812,+1165.000034000
20.9483,+1166.000034000
14.5325,+1167.000034000
17.0969,+1168.000034000
9.76572,+1169.000034000
12.0006,+1170.000034000
-8.09212,+1171.000034000
14.2325,+1172.000034000
21.0168,+1173.000034000
14.5412,+1174.000034000
17.1924,+1175.000034000
20.7942,+1176.000034000
18.7209,+1177.000034000
12.5807,+1178.000034000
16.3118,+1179.000034000
11.1068,+1180.000034000
21.4853,+1181.000034000
13.6595,+1182.000034000
17.7554,+1183.000034000
17.3224,+1184.000034000
15.084,+1185.000034000
8.89244,+1186.000034000
15.1367,+1187.000034000
13.7737,+1188.000034000
17.7394,+1189.000034000
18.7771,+1190.000034000
11.268,+1191.000034000
11.6242,+1192.000034000
12.3551,+1193.000034000
12.3868,+1194.000034000
17.8163,+1195.000034000
14.126,+1196.000034000
19.4142,+1197.000034000
21.5178,+1198.000034000
14.145,+1199.000034000
22.9399,+1200.000034000
18.4617,+1201.000034000
21.6115,+1202.000034000
17.1023,+1203.000034000
10.5499,+1204.000034000
12.1484,+1205.000034000
16.4126,+1206.000034000
19.8188,+1207.000034000
16.9125,+1208.000034000
9.51717,+1209.000034000
20.0287,+1210.000034000
6.39255,+1211.000034000
13.7894,+1212.000034000
14.9414,+1213.000034000
16.1299,+1214.000034000
13.2626,+1215.000034000
10.4785,+1216.000034000
22.3484,+1217.000034000
18.0425,+1218.000034000
2.94203,+1219.000034000
13.5283,+1220.000034000
15.7688,+1221.000034000
8.17378,+1222.000034000
-3.88295,+1223.000034000
13.0396,+1224.000034000
15.7694,+1225.000034000
8.26835,+1226.000034000
2.61178,+1227.000034000
20.3247,+1228.000034000
15.157,+1229.000034000
16.7191,+1230.000034000
18.6033,+1231.000034000
20.1186,+1232.000034000
9.27152,+1233.000034000
20.5722,+1234.000034000
16.4158,+1235.000034000
21.3071,+1236.000034000
18.2222,+1237.000034000
15.2675,+1238.000034000
8.7861,+1239.000034000
19.3857,+1240.000034000
19.0032,+1241.000034000
19.4689,+1242.000034000
13.3947,+1243.000034000
18.9882,+1244.000034000
20.76,+1245.000034000
7.37802,+1246.000034000
15.3018,+1247.000034000
11.3478,+1248.000034000
9.98409,+1249.000034000
16.2672,+1250.000034000
16.1367,+1251.000034000
14.4867,+1252.000034000
14.3982,+1253.000034000
22.6926,+1254.000034000
14.9443,+1255.000034000
9.41048,+1256.000034000
10.063,+1257.000034000
14.3061,+1258.000034000
10.2163,+1259.000034000
20.3984,+1260.000034000
16.6637,+1261.000034000
18.6922,+1262.000034000
16.516,+1263.000034000
14.1726,+1264.000034000
22.5191,+1265.000034000
22.5153,+1266.000034000
14.3804,+1267.000034000
8.62825,+1268.000034000
20.8976,+1269.000034000
17.6205,+1270.000034000
12.3619,+1271.000034000
15.2264,+1272.000034000
19.4543,+1273.000034000
15.6584,+1274.000034000
14.3269,+1275.000034000
-16.2573,+1276.000034000
20.2059,+1277.000034000
16.7561,+1278.000034000
18.8241,+1279.000034000
12.9783,+1280.000034000
20.7541,+1281.000034000
17.7856,+1282.000034000
8.89496,+1283.000034000
13.171,+1284.000034000
13.9567,+1285.000034000
16.7203,+1286.000034000
8.25636,+1287.000034000
13.1512,+1288.000034000
17.0826,+1289.000034000
16.773,+1290.000034000
11.6513,+1291.000034000
14.6621,+1292.000034000
7.75726,+1293.000034000
19.3665,+1294.000034000
17.7819,+1295.000034000
17.6902,+1296.000034000
12.2043,+1297.000034000
9.06979,+1298.000034000
10.2339,+1299.000034000
18.1135,+1300.000034000
13.8622,+1301.000034000
20.8918,+1302.000034000
18.7425,+1303.000034000
21.1924,+1304.000034000
17.1096,+1305.000034000
-5.27384,+1306.000034000
18.3368,+1307.000034000
19.8996,+1308.000034000
19.014,+1309.000034000
17.7438,+1310.000034000
13.1733,+1311.000034000
11.6029,+1312.000034000
13.9873,+1313.000034000
3.39429,+1314.000034000
16.0346,+1315.000034000
20.961,+1316.000034000
9.5408,+1317.000034000
19.9112,+1318.000034000
16.1337,+1319.000034000
14.8624,+1320.000034000
21.8457,+1321.000034000
11.0273,+1322.000034000
11.3045,+1323.000034000
6.72822,+1324.000034000
12.1036,+1325.000034000
5.42748,+1326.000034000
20.2836,+1327.000034000
1.2756,+1328.000034000
14.2737,+1329.000034000
18.6284,+1330.000034000
14.9781,+1331.000034000
-2.1559,+1332.000034000
9.05243,+1333.000034000
9.76646,+1334.000034000
18.9411,+1335.000034000
20.0112,+1336.000034000
13.1717,+1337.000034000
21.0563,+1338.000034000
17.4072,+1339.000034000
12.369,+1340.000034000
10.8194,+1341.000034000
13.8448,+1342.000034000
17.2706,+1343.000034000
20.2613,+1344.000034000
16.8774,+1345.000034000
16.2915,+1346.000034000
17.225,+1347.000034000
7.397,+1348.000034000
12.6277,+1349.000034000
11.6386,+1350.000034000
13.6857,+1351.000034000
11.9304,+1352.000034000
14.8072,+1353.000034000
14.8588,+1354.000034000
14.3874,+1355.000034000
20.5004,+1356.000034000
21.2334,+1357.000034000
3.32584,+1358.000034000
13.4287,+1359.000034000
11.3269,+1360.000034000
11.6148,+1361.000034000
12.2047,+1362.000034000
17.0731,+1363.000034000
3.95301,+1364.000034000
19.7575,+1365.000034000
5.35616,+1366.000034000
15.001,+1367.000034000
12.4914,+1368.000034000
15.45,+1369.000034000
13.241,+1370.000034000
13.6174,+1371.000034000
17.8321,+1372.000034000
13.8329,+1373.000034000
10.304,+1374.000034000
9.77961,+1375.000034000
12.885,+1376.000034000
16.7171,+1377.000034000
16.7771,+1378.000034000
21.4221,+1379.000034000
12.1201,+1380.000034000
14.1822,+1381.000034000
3.73902,+1382.000034000
7.84202,+1383.000034000
12.5052,+1384.000034000
18.6699,+1385.000034000
21.8139,+1386.000034000
22.4927,+1387.000034000
2.06735,+1388.000034000
10.3877,+1389.000034000
14.9399,+1390.000034000
18.2707,+1391.000034000
12.5629,+1392.000034000
8.87151,+1393.000034000
10.358,+1394.000034000
10.4043,+1395.000034000
9.61781,+1396.000034000
12.037,+1397.000034000
13.3346,+1398.000034000
17.197,+1399.000034000
13.9455,+1400.000034000
15.4605,+1401.000034000
13.1143,+1402.000034000
9.64518,+1403.000034000
10.3153,+1404.000034000
8.96266,+1405.000034000
19.9441,+1406.000034000
8.12925,+1407.000034000
21.961,+1408.000034000
13.5305,+1409.000034000
13.5881,+1410.000034000
9.87942,+1411.000034000
16.0046,+1412.000034000
12.4941,+1413.000034000
18.3601,+1414.000034000
17.262,+1415.000034000
9.27444,+1416.000034000
13.0183,+1417.000034000
17.8474,+1418.000034000
14.8924,+1419.000034000
7.65331,+1420.000034000
24.2408,+1421.000034000
8.14265,+1422.000034000
14.3904,+1423.000034000
18.637,+1424.000034000
7.80216,+1425.000034000
5.37137,+1426.000034000
17.6605,+1427.000034000
19.7971,+1428.000034000
6.37873,+1429.000034000
18.151,+1430.000034000
14.5451,+1431.000034000
10.5856,+1432.000034000
13.486,+1433.000034000
14.0906,+1434.000034000
20.1135,+1435.000034000
19.5976,+1436.000034000
22.4679,+1437.000034000
7.24293,+1438.000034000
15.0939,+1439.000034000
14.5087,+1440.000034000
17.2204,+1441.000034000
18.4408,+1442.000034000
14.1192,+1443.000034000
21.1796,+1444.000034000
12.0746,+1445.000034000
19.0653,+1446.000034000
2.99753,+1447.000034000
18.0478,+1448.000034000
19.6462,+1449.000034000
21.315,+1450.000034000
13.2611,+1451.000034000
8.86942,+1452.000034000
20.6784,+1453.000034000
19.1048,+1454.000034000
15.9068,+1455.000034000
13.0367,+1456.000034000
11.5372,+1457.000034000
12.4117,+1458.000034000
14.5319,+1459.000034000
17.382,+1460.000034000
13.7902,+1461.000034000
18.6092,+1462.000034000
17.5163,+1463.000034000
7.22807,+1464.000034000
12.9807,+1465.000034000
20.4158,+1466.000034000
17.3979,+1467.000034000
3.81657,+1468.000034000
-8.89724,+1469.000034000
17.5907,+1470.000034000
8.74489,+1471.000034000
4.94569,+1472.000034000
18.094,+1473.000034000
12.9154,+1474.000034000
15.3462,+1475.000034000
17.381,+1476.000034000
17.7781,+1477.000034000
17.415,+1478.000034000
16.1675,+1479.000034000
16.3331,+1480.000034000
20.1764,+1481.000034000
16.2044,+1482.000034000
18.9895,+1483.000034000
18.2989,+1484.000034000
19.929,+1485.000034000
15.4148,+1486.000034000
13.5759,+1487.000034000
15.2021,+1488.000034000
19.3878,+1489.000034000
18.0569,+1490.000034000
9.6876,+1491.000034000
15.2048,+1492.000034000
20.4749,+1493.000034000
-5.58466,+1494.000034000
17.6029,+1495.000034000
19.7308,+1496.000034000
17.4393,+1497.000034000
12.9508,+1498.000034000
14.5112,+1499.000034000
17.0877,+1500.000034000
17.3426,+1501.000034000
14.979,+1502.000034000
16.0314,+1503.000034000
21.8242,+1504.000034000
17.6183,+1505.000034000
17.0124,+1506.000034000
2.37785,+1507.000034000
16.7976,+1508.000034000
7.91374,+1509.000034000
5.86139,+1510.000034000
3.89376,+1511.000034000
13.0341,+1512.000034000
19.4606,+1513.000034000
17.2671,+1514.000034000
4.49124,+1515.000034000
9.84387,+1516.000034000
16.6633,+1517.000034000
22.4987,+1518.000034000
13.9852,+1519.000034000
18.0738,+1520.000034000
17.3881,+1521.000034000
20.7551,+1522.000034000
17.839,+1523.000034000
20.4835,+1524.000034000
-6.2388,+1525.000034000
18.211,+1526.000034000
18.5339,+1527.000034000
20.6263,+1528.000034000
21.9914,+1529.000034000
21.1996,+1530.000034000
6.4353,+1531.000034000
13.0076,+1532.000034000
15.2724,+1533.000034000
4.26831,+1534.000034000
20.6451,+1535.000034000
7.24157,+1536.000034000
5.65406,+1537.000034000
4.60198,+1538.000034000
10.5397,+1539.000034000
15.4983,+1540.000034000
15.9365,+1541.000034000
19.6766,+1542.000034000
12.2541,+1543.000034000
4.83426,+1544.000034000
23.7667,+1545.000034000
4.86754,+1546.000034000
12.6109,+1547.000034000
7.12863,+1548.000034000
3.22433,+1549.000034000
17.0537,+1550.000034000
20.1256,+1551.000034000
17.0023,+1552.000034000
15.2839,+1553.000034000
12.4742,+1554.000034000
1.80178,+1555.000034000
13.4275,+1556.000034000
19.0113,+1557.000034000
21.9625,+1558.000034000
13.5123,+1559.000034000
19.7171,+1560.000034000
20.4942,+1561.000034000
23.1125,+1562.000034000
18.3102,+1563.000034000
9.1843,+1564.000034000
19.8882,+1565.000034000
8.50257,+1566.000034000
21.3498,+1567.000034000
18.1069,+1568.000034000
5.81058,+1569.000034000
14.0694,+1570.000034000
18.2338,+1571.000034000
14.1389,+1572.000034000
4.68789,+1573.000034000
18.9485,+1574.000034000
10.8175,+1575.000034000
14.0566,+1576.000034000
19.4014,+1577.000034000
8.61036,+1578.000034000
15.8728,+1579.000034000
11.786,+1580.000034000
19.5854,+1581.000034000
15.374,+1582.000034000
16.9129,+1583.000034000
11.4508,+1584.000034000
9.03098,+1585.000034000
17.2467,+1586.000034000
23.4121,+1587.000034000
16.1626,+1588.000034000
5.9601,+1589.000034000
11.9374,+1590.000034000
16.7331,+1591.000034000
15.5581,+1592.000034000
12.7746,+1593.000034000
9.1021,+1594.000034000
8.48255,+1595.000034000
9.65259,+1596.000034000
18.2041,+1597.000034000
14.3744,+1598.000034000
16.3071,+1599.000034000
15.1753,+1600.000034000
16.1567,+1601.000034000
13.8812,+1602.000034000
18.3438,+1603.000034000
22.5666,+1604.000034000
22.1651,+1605.000034000
7.77437,+1606.000034000
4.89029,+1607.000034000
13.2723,+1608.000034000
20.9186,+1609.000034000
22.5471,+1610.000034000
3.96597,+1611.000034000
14.5962,+1612.000034000
19.404,+1613.000034000
21.6562,+1614.000034000
19.2432,+1615.000034000
8.89657,+1616.000034000
19.5021,+1617.000034000
13.5483,+1618.000034000
19.369,+1619.000034000
16.2919,+1620.000034000
15.4755,+1621.000034000
13.4024,+1622.000034000
11.2432,+1623.000034000
15.7567,+1624.000034000
-0.195354,+1625.000034000
16.0547,+1626.000034000
15.3562,+1627.000034000
16.9056,+1628.000034000
18.7532,+1629.000034000
14.0753,+1630.000034000
14.8846,+1631.000034000
18.6726,+1632.000034000
12.9998,+1633.000034000
0.467488,+1634.000034000
20.4398,+1635.000034000
20.0938,+1636.000034000
14.3743,+1637.000034000
15.6953,+1638.000034000
22.0052,+1639.000034000
10.8482,+1640.000034000
18.418,+1641.000034000
15.9194,+1642.000034000
7.0156,+1643.000034000
16.9303,+1644.000034000
11.7153,+1645.000034000
8.16388,+1646.000034000
17.3003,+1647.000034000
8.09602,+1648.000034000
11.8308,+1649.000034000
18.0264,+1650.000034000
20.0883,+1651.000034000
15.7137,+1652.000034000
17.9923,+1653.000034000
6.5325,+1654.000034000
18.2442,+1655.000034000
12.9698,+1656.000034000
6.9478,+1657.000034000
12.4263,+1658.000034000
16.0472,+1659.000034000
20.1465,+1660.000034000
18.2314,+1661.000034000
5.74296,+1662.000034000
18.3366,+1663.000034000
15.1576,+1664.000034000
15.6594,+1665.000034000
15.5709,+1666.000034000
9.58132,+1667.000034000
7.70804,+1668.000034000
18.5629,+1669.000034000
9.40301,+1670.000034000
16.4847,+1671.000034000
13.6733,+1672.000034000
13.5025,+1673.000034000
14.1636,+1674.000034000
16.5729,+1675.000034000
19.5258,+1676.000034000
17.4564,+1677.000034000
16.9679,+1678.000034000
10.3636,+1679.000034000
10.8488,+1680.000034000
19.2035,+1681.000034000
5.11115,+1682.000034000
16.1511,+1683.000034000
10.2435,+1684.000034000
19.4184,+1685.000034000
16.4909,+1686.000034000
11.5118,+1687.000034000
14.2972,+1688.000034000
2.69884,+1689.000034000
15.8696,+1690.000034000
10.5445,+1691.000034000
8.18403,+1692.000034000
8.3632,+1693.000034000
23.0687,+1694.000034000
18.1609,+1695.000034000
11.4345,+1696.000034000
15.082,+1697.000034000
11.2605,+1698.000034000
15.2532,+1699.000034000
14.6059,+1700.000034000
17.708,+1701.000034000
19.2602,+1702.000034000
13.1243,+1703.000034000
11.0087,+1704.000034000
23.2732,+1705.000034000
13.3109,+1706.000034000
19.7205,+1707.000034000
10.1991,+1708.000034000
11.8057,+1709.000034000
16.481,+1710.000034000
4.50786,+1711.000034000
12.9967,+1712.000034000
5.7216,+1713.000034000
16.3919,+1714.000034000
15.5394,+1715.000034000
17.5511,+1716.000034000
-2.76206,+1717.000034000
12.0544,+1718.000034000
14.6299,+1719.000034000
14.9194,+1720.000034000
16.3244,+1721.000034000
17.0382,+1722.000034000
5.48761,+1723.000034000
16.1662,+1724.000034000
20.3756,+1725.000034000
6.43375,+1726.000034000
6.86911,+1727.000034000
19.1645,+1728.000034000
-0.329233,+1729.000034000
15.3516,+1730.000034000
17.8669,+1731.000034000
15.2277,+1732.000034000
0.166338,+1733.000034000
16.8534,+1734.000034000
12.3458,+1735.000034000
18.385,+1736.000034000
21.6503,+1737.000034000
22.454,+1738.000034000
18.3627,+1739.000034000
11.6076,+1740.000034000
18.7476,+1741.000034000
23.4563,+1742.000034000
17.3265,+1743.000034000
15.8674,+1744.000034000
16.3835,+1745.000034000
8.87643,+1746.000034000
8.79055,+1747.000034000
12.3972,+1748.000034000
13.4348,+1749.000034000
3.08628,+1750.000034000
16.2963,+1751.000034000
10.1692,+1752.000034000
10.37,+1753.000034000
23.1411,+1754.000034000
12.8867,+1755.000034000
18.317,+1756.000034000
16.1252,+1757.000034000
8.92962,+1758.000034000
17.0252,+1759.000034000
10.4273,+1760.000034000
18.7492,+1761.000034000
8.57316,+1762.000034000
13.7956,+1763.000034000
6.23503,+1764.000034000
14.18,+1765.000034000
10.6111,+1766.000034000
18.0479,+1767.000034000
14.6442,+1768.000034000
20.8685,+1769.000034000
1.86957,+1770.000034000
18.5941,+1771.000034000
15.5459,+1772.000034000
18.3133,+1773.000034000
3.60107,+1774.000034000
9.34891,+1775.000034000
16.8953,+1776.000034000
20.7257,+1777.000034000
13.0707,+1778.000034000
12.7974,+1779.000034000
10.0114,+1780.000034000
20.9959,+1781.000034000
17.4833,+1782.000034000
10.4593,+1783.000034000
15.8715,+1784.000034000
18.0536,+1785.000034000
20.3293,+1786.000034000
17.2868,+1787.000034000
16.4032,+1788.000034000
18.9749,+1789.000034000
23.9727,+1790.000034000
14.7179,+1791.000034000
19.2623,+1792.000034000
16.9473,+1793.000034000
14.6166,+1794.000034000
13.7933,+1795.000034000
12.9654,+1796.000034000
19.7182,+1797.000034000
10.8124,+1798.000034000
10.94,+1799.000034000
15.6955,+1800.000034000
14.9516,+1801.000034000
17.6713,+1802.000034000
13.448,+1803.000034000
18.2572,+1804.000034000
10.958,+1805.000034000
18.1748,+1806.000034000
7.63181,+1807.000034000
10.302,+1808.000034000
17.7208,+1809.000034000
1.02072,+1810.000034000
13.8814,+1811.000034000
11.8511,+1812.000034000
13.3971,+1813.000034000
10.5421,+1814.000034000
17.4958,+1815.000034000
18.5077,+1816.000034000
9.31487,+1817.000034000
22.6892,+1818.000034000
24.5136,+1819.000034000
14.2409,+1820.000034000
16.8708,+1821.000034000
13.0611,+1822.000034000
10.4971,+1823.000034000
17.3782,+1824.000034000
6.60587,+1825.000034000
16.6304,+1826.000034000
15.9911,+1827.000034000
0.930063,+1828.000034000
21.9845,+1829.000034000
11.1321,+1830.000034000
19.5618,+1831.000034000
16.4169,+1832.000034000
10.5471,+1833.000034000
14.1038,+1834.000034000
14.0253,+1835.000034000
9.53762,+1836.000034000
15.7147,+1837.000034000
12.9026,+1838.000034000
13.6949,+1839.000034000
14.8477,+1840.000034000
14.2859,+1841.000034000
13.6852,+1842.000034000
8.17188,+1843.000034000
10.1534,+1844.000034000
12.1964,+1845.000034000
22.6407,+1846.000034000
13.7359,+1847.000034000
17.3673,+1848.000034000
16.9306,+1849.000034000
16.6185,+1850.000034000
18.6235,+1851.000034000
10.2284,+1852.000034000
17.4776,+1853.000034000
19.1224,+1854.000034000
15.3978,+1855.000034000
6.47358,+1856.000034000
14.0045,+1857.000034000
16.2842,+1858.000034000
17.5895,+1859.000034000
6.38092,+1860.000034000
20.5647,+1861.000034000
14.9604,+1862.000034000
22.6367,+1863.000034000
16.6997,+1864.000034000
19.1972,+1865.000034000
12.91,+1866.000034000
4.31767,+1867.000034000
19.7004,+1868.000034000
19.3143,+1869.000034000
10.2455,+1870.000034000
17.3818,+1871.000034000
17.1088,+1872.000034000
-4.92321,+1873.000034000
21.5013,+1874.000034000
20.3316,+1875.000034000
4.35352,+1876.000034000
19.0564,+1877.000034000
9.0438,+1878.000034000
14.4619,+1879.000034000
19.5161,+1880.000034000
13.0828,+1881.000034000
12.8048,+1882.000034000
20.7779,+1883.000034000
9.91226,+1884.000034000
12.7785,+1885.000034000
15.5765,+1886.000034000
19.1592,+1887.000034000
8.7967,+1888.000034000
3.89819,+1889.000034000
16.9918,+1890.000034000
16.6976,+1891.000034000
15.4952,+1892.000034000
18.0292,+1893.000034000
11.7826,+1894.000034000
16.5953,+1895.000034000
8.86226,+1896.000034000
17.5542,+1897.000034000
21.2717,+1898.000034000
20.2325,+1899.000034000
13.1189,+1900.000034000
15.3991,+1901.000034000
19.7873,+1902.000034000
11.6924,+1903.000034000
20.8058,+1904.000034000
9.20662,+1905.000034000
12.9386,+1906.000034000
2.20069,+1907.000034000
18.0974,+1908.000034000
9.90265,+1909.000034000
18.2424,+1910.000034000
20.02,+1911.000034000
5.90824,+1912.000034000
13.745,+1913.000034000
22.1407,+1914.000034000
16.2956,+1915.000034000
16.1829,+1916.000034000
11.9301,+1917.000034000
19.4074,+1918.000034000
23.6704,+1919.000034000
14.9598,+1920.000034000
13.6026,+1921.000034000
8.14808,+1922.000034000
11.1369,+1923.000034000
12.0022,+1924.000034000
13.0032,+1925.000034000
12.2413,+1926.000034000
16.7586,+1927.000034000
19.3243,+1928.000034000
21.8902,+1929.000034000
11.7171,+1930.000034000
8.46965,+1931.000034000
18.4954,+1932.000034000
17.7549,+1933.000034000
20.3702,+1934.000034000
10.6421,+1935.000034000
17.9642,+1936.000034000
12.0761,+1937.000034000
12.4899,+1938.000034000
14.6426,+1939.000034000
21.0774,+1940.000034000
16.6592,+1941.000034000
-4.09051,+1942.000034000
19.2139,+1943.000034000
13.72,+1944.000034000
12.15,+1945.000034000
19.1329,+1946.000034000
8.76837,+1947.000034000
11.3522,+1948.000034000
14.5643,+1949.000034000
3.88458,+1950.000034000
21.0157,+1951.000034000
8.29294,+1952.000034000
20.1236,+1953.000034000
14.7287,+1954.000034000
19.096,+1955.000034000
22.782,+1956.000034000
2.9174,+1957.000034000
19.0575,+1958.000034000
13.9721,+1959.000034000
12.9305,+1960.000034000
13.8731,+1961.000034000
21.7283,+1962.000034000
12.4248,+1963.000034000
18.3604,+1964.000034000
14.9226,+1965.000034000
20.8401,+1966.000034000
15.0134,+1967.000034000
20.7683,+1968.000034000
22.3257,+1969.000034000
12.822,+1970.000034000
15.5229,+1971.000034000
18.7065,+1972.000034000
6.58554,+1973.000034000
17.1473,+1974.000034000
18.8443,+1975.000034000
11.5612,+1976.000034000
14.2406,+1977.000034000
22.9691,+1978.000034000
11.937,+1979.000034000
18.1408,+1980.000034000
19.9044,+1981.000034000
17.8758,+1982.000034000
23.9615,+1983.000034000
11.6689,+1984.000034000
11.8048,+1985.000034000
9.5404,+1986.000034000
14.2259,+1987.000034000
11.7876,+1988.000034000
17.1187,+1989.000034000
17.4738,+1990.000034000
18.3245,+1991.000034000
12.7208,+1992.000034000
15.6801,+1993.000034000
1.7538,+1994.000034000
22.502,+1995.000034000
17.1825,+1996.000034000
13.4444,+1997.000034000
25.3377,+1998.000034000
12.1494,+1999.000034000
17.8089,+2000.000034000
19.6495,+2001.000034000
7.92342,+2002.000034000
6.21853,+2003.000034000
21.9487,+2004.000034000
13.9387,+2005.000034000
19.9129,+2006.000034000
19.6337,+2007.000034000
20.9523,+2008.000034000
13.4689,+2009.000034000
15.7085,+2010.000034000
18.7996,+2011.000034000
12.9455,+2012.000034000
2.28886,+2013.000034000
19.9128,+2014.000034000
15.2019,+2015.000034000
14.6515,+2016.000034000
16.8516,+2017.000034000
15.4648,+2018.000034000
17.8299,+2019.000034000
22.3254,+2020.000034000
3.08458,+2021.000034000
16.3178,+2022.000034000
16.0076,+2023.000034000
12.0324,+2024.000034000
16.037,+2025.000034000
18.3945,+2026.000034000
17.8145,+2027.000034000
18.5184,+2028.000034000
10.8249,+2029.000034000
21.7043,+2030.000034000
10.1826,+2031.000034000
20.5698,+2032.000034000
15.1869,+2033.000034000
15.8693,+2034.000034000
11.8395,+2035.000034000
19.9543,+2036.000034000
16.1154,+2037.000034000
19.9022,+2038.000034000
10.9826,+2039.000034000
21.1008,+2040.000034000
15.1136,+2041.000034000
16.5357,+2042.000034000
23.3166,+2043.000034000
11.2256,+2044.000034000
23.7902,+2045.000034000
18.2571,+2046.000034000
20.26,+2047.000034000
13.7984,+2048.000034000
15.7129,+2049.000034000
19.7601,+2050.000034000
19.0272,+2051.000034000
12.9305,+2052.000034000
13.4462,+2053.000034000
4.20149,+2054.000034000
13.1287,+2055.000034000
14.8178,+2056.000034000
19.6874,+2057.000034000
10.64,+2058.000034000
-6.56677,+2059.000034000
18.0445,+2060.000034000
18.4455,+2061.000034000
18.5798,+2062.000034000
14.4336,+2063.000034000
16.471,+2064.000034000
18.2125,+2065.000034000
20.6815,+2066.000034000
15.5994,+2067.000034000
15.9919,+2068.000034000
14.1585,+2069.000034000
10.0227,+2070.000034000
9.40699,+2071.000034000
22.6232,+2072.000034000
6.45248,+2073.000034000
22.8291,+2074.000034000
17.0081,+2075.000034000
8.23035,+2076.000034000
17.8585,+2077.000034000
6.42066,+2078.000034000
17.938,+2079.000034000
13.0432,+2080.000034000
11.4691,+2081.000034000
8.82432,+2082.000034000
20.6823,+2083.000034000
12.1353,+2084.000034000
14.2221,+2085.000034000
8.43787,+2086.000034000
11.4531,+2087.000034000
23.3113,+2088.000034000
20.8027,+2089.000034000
14.1096,+2090.000034000
14.6836,+2091.000034000
18.8763,+2092.000034000
20.5692,+2093.000034000
-3.09586,+2094.000034000
14.977,+2095.000034000
14.2321,+2096.000034000
16.6709,+2097.000034000
4.29536,+2098.000034000
14.8101,+2099.000034000
9.38509,+2100.000034000
16.121,+2101.000034000
12.21,+2102.000034000
15.8264,+2103.000034000
19.7168,+2104.000034000
16.0952,+2105.000034000
15.9167,+2106.000034000
8.38954,+2107.000034000
20.5417,+2108.000034000
16.9202,+2109.000034000
9.47898,+2110.000034000
13.5857,+2111.000034000
21.6498,+2112.000034000
11.1736,+2113.000034000
13.9519,+2114.000034000
15.5346,+2115.000034000
5.38109,+2116.000034000
16.2783,+2117.000034000
16.0025,+2118.000034000
16.4587,+2119.000034000
14.4337,+2120.000034000
14.0565,+2121.000034000
21.1468,+2122.000034000
17.7865,+2123.000034000
12.8641,+2124.000034000
12.3508,+2125.000034000
10.0465,+2126.000034000
17.5577,+2127.000034000
18.2337,+2128.000034000
9.69493,+2129.000034000
11.0544,+2130.000034000
15.0183,+2131.000034000
13.8364,+2132.000034000
11.7966,+2133.000034000
1.71618,+2134.000034000
13.2455,+2135.000034000
17.8521,+2136.000034000
3.38558,+2137.000034000
20.9436,+2138.000034000
16.109,+2139.000034000
10.9639,+2140.000034000
16.6625,+2141.000034000
9.13193,+2142.000034000
13.8271,+2143.000034000
15.996,+2144.000034000
20.3259,+2145.000034000
21.2385,+2146.000034000
12.6328,+2147.000034000
14.7851,+2148.000034000
14.1288,+2149.000034000
8.04698,+2150.000034000
19.4882,+2151.000034000
14.9175,+2152.000034000
19.3394,+2153.000034000
14.2146,+2154.000034000
17.1705,+2155.000034000
19.2319,+2156.000034000
20.293,+2157.000034000
17.8607,+2158.000034000
11.6618,+2159.000034000
18.3914,+2160.000034000
18.6824,+2161.000034000
7.34016,+2162.000034000
13.9789,+2163.000034000
17.0613,+2164.000034000
-1.77946,+2165.000034000
7.14855,+2166.000034000
20.8854,+2167.000034000
17.1645,+2168.000034000
20.0924,+2169.000034000
16.317,+2170.000034000
12.2482,+2171.000034000
18.1342,+2172.000034000
6.34763,+2173.000034000
11.281,+2174.000034000
14.4054,+2175.000034000
13.2923,+2176.000034000
12.5194,+2177.000034000
22.5799,+2178.000034000
7.99984,+2179.000034000
19.4441,+2180.000034000
-5.84069,+2181.000034000
15.4199,+2182.000034000
11.745,+2183.000034000
7.74188,+2184.000034000
18.7189,+2185.000034000
18.7896,+2186.000034000
22.2349,+2187.000034000
21.9997,+2188.000034000
13.2646,+2189.000034000
12.7771,+2190.000034000
11.9223,+2191.000034000
9.42711,+2192.000034000
18.4033,+2193.000034000
15.9318,+2194.000034000
14.0163,+2195.000034000
17.3434,+2196.000034000
17.6751,+2197.000034000
14.898,+2198.000034000
6.91075,+2199.000034000
16.4727,+2200.000034000
15.2395,+2201.000034000
18.8427,+2202.000034000
17.2568,+2203.000034000
15.7094,+2204.000034000
14.1098,+2205.000034000
15.0953,+2206.000034000
16.5281,+2207.000034000
2.55056,+2208.000034000
16.7349,+2209.000034000
15.7799,+2210.000034000
6.81113,+2211.000034000
16.5481,+2212.000034000
7.57905,+2213.000034000
16.9874,+2214.000034000
16.534,+2215.000034000
21.0409,+2216.000034000
20.406,+2217.000034000
16.1981,+2218.000034000
14.5632,+2219.000034000
19.722,+2220.000034000
17.8885,+2221.000034000
24.3374,+2222.000034000
17.7225,+2223.000034000
0.523765,+2224.000034000
19.3558,+2225.000034000
21.9548,+2226.000034000
13.6778,+2227.000034000
11.361,+2228.000034000
12.34,+2229.000034000
19.8168,+2230.000034000
18.1583,+2231.000034000
4.33095,+2232.000034000
17.5181,+2233.000034000
9.7349,+2234.000034000
17.4724,+2235.000034000
12.0027,+2236.000034000
17.568,+2237.000034000
8.6228,+2238.000034000
6.51658,+2239.000034000
7.37179,+2240.000034000
15.4572,+2241.000034000
21.8881,+2242.000034000
16.1493,+2243.000034000
17.7984,+2244.000034000
10.615,+2245.000034000
22.9969,+2246.000034000
12.9818,+2247.000034000
12.4727,+2248.000034000
8.8357,+2249.000034000
12.8471,+2250.000034000
19.3778,+2251.000034000
22.6027,+2252.000034000
19.4153,+2253.000034000
19.0727,+2254.000034000
13.9896,+2255.000034000
15.1806,+2256.000034000
14.8881,+2257.000034000
6.74564,+2258.000034000
18.4709,+2259.000034000
12.4641,+2260.000034000
11.7267,+2261.000034000
10.7174,+2262.000034000
16.3104,+2263.000034000
16.3176,+2264.000034000
21.3072,+2265.000034000
1.91561,+2266.000034000
17.868,+2267.000034000
17.432,+2268.000034000
22.9423,+2269.000034000
21.6027,+2270.000034000
17.4232,+2271.000034000
-0.749663,+2272.000034000
14.7323,+2273.000034000
15.5428,+2274.000034000
16.3093,+2275.000034000
11.8421,+2276.000034000
8.53055,+2277.000034000
19.4102,+2278.000034000
18.8704,+2279.000034000
16.2609,+2280.000034000
12.52,+2281.000034000
21.2497,+2282.000034000
20.9703,+2283.000034000
17.6438,+2284.000034000
17.5657,+2285.000034000
13.4933,+2286.000034000
16.4873,+2287.000034000
19.9489,+2288.000034000
15.8801,+2289.000034000
8.13781,+2290.000034000
9.17474,+2291.000034000
17.2377,+2292.000034000
2.83005,+2293.000034000
14.5957,+2294.000034000
14.9566,+2295.000034000
-4.45982,+2296.000034000
10.3998,+2297.000034000
19.9844,+2298.000034000
24.8004,+2299.000034000
14.2455,+2300.000034000
19.4281,+2301.000034000
21.8484,+2302.000034000
17.8833,+2303.000034000
19.9754,+2304.000034000
9.39506,+2305.000034000
17.3106,+2306.000034000
16.3055,+2307.000034000
14.4397,+2308.000034000
11.1804,+2309.000034000
19.6321,+2310.000034000
15.8652,+2311.000034000
14.461,+2312.000034000
10.4032,+2313.000034000
14.3354,+2314.000034000
16.4517,+2315.000034000
22.4221,+2316.000034000
10.6834,+2317.000034000
18.3627,+2318.000034000
1.119,+2319.000034000
17.7522,+2320.000034000
14.9509,+2321.000034000
16.836,+2322.000034000
18.0127,+2323.000034000
8.15833,+2324.000034000
20.6937,+2325.000034000
18.276,+2326.000034000
16.8591,+2327.000034000
18.3086,+2328.000034000
14.9633,+2329.000034000
11.3439,+2330.000034000
23.9432,+2331.000034000
14.2494,+2332.000034000
23.3325,+2333.000034000
21.2566,+2334.000034000
21.9604,+2335.000034000
13.0592,+2336.000034000
21.4233,+2337.000034000
15.7427,+2338.000034000
12.6892,+2339.000034000
18.0256,+2340.000034000
16.5414,+2341.000034000
0.768131,+2342.000034000
9.48593,+2343.000034000
17.2424,+2344.000034000
18.4462,+2345.000034000
17.926,+2346.000034000
18.984,+2347.000034000
16.4424,+2348.000034000
16.3126,+2349.000034000
21.9121,+2350.000034000
17.9012,+2351.000034000
22.4053,+2352.000034000
15.5284,+2353.000034000
12.6524,+2354.000034000
15.4165,+2355.000034000
8.41191,+2356.000034000
14.4933,+2357.000034000
3.88707,+2358.000034000
18.8905,+2359.000034000
21.0021,+2360.000034000
9.11756,+2361.000034000
9.86805,+2362.000034000
13.6209,+2363.000034000
16.2931,+2364.000034000
21.7484,+2365.000034000
17.3575,+2366.000034000
26.0484,+2367.000034000
13.6487,+2368.000034000
11.4012,+2369.000034000
16.5248,+2370.000034000
7.25449,+2371.000034000
6.92508,+2372.000034000
19.6146,+2373.000034000
14.7211,+2374.000034000
6.3342,+2375.000034000
20.4108,+2376.000034000
14.4688,+2377.000034000
12.2631,+2378.000034000
9.39369,+2379.000034000
12.8652,+2380.000034000
21.2488,+2381.000034000
14.3818,+2382.000034000
11.4741,+2383.000034000
18.7833,+2384.000034000
5.29245,+2385.000034000
12.2328,+2386.000034000
11.2489,+2387.000034000
13.6638,+2388.000034000
23.3027,+2389.000034000
7.68932,+2390.000034000
13.9773,+2391.000034000
8.1396,+2392.000034000
16.0217,+2393.000034000
10.2982,+2394.000034000
20.9497,+2395.000034000
21.2156,+2396.000034000
14.7875,+2397.000034000
9.41379,+2398.000034000
20.4845,+2399.000034000
8.96527,+2400.000034000
21.1013,+2401.000034000
22.426,+2402.000034000
13.3402,+2403.000034000
16.8505,+2404.000034000
17.9114,+2405.000034000
17.6221,+2406.000034000
15.8418,+2407.000034000
9.81453,+2408.000034000
18.4385,+2409.000034000
16.9142,+2410.000034000
15.4595,+2411.000034000
19.1488,+2412.000034000
16.6168,+2413.000034000
14.3149,+2414.000034000
20.0337,+2415.000034000
22.5984,+2416.000034000
10.885,+2417.000034000
14.2787,+2418.000034000
17.8767,+2419.000034000
18.3631,+2420.000034000
9.3766,+2421.000034000
-0.980962,+2422.000034000
8.39795,+2423.000034000
16.1346,+2424.000034000
15.1753,+2425.000034000
12.3352,+2426.000034000
2.76746,+2427.000034000
18.5072,+2428.000034000
6.16709,+2429.000034000
17.182,+2430.000034000
25.2959,+2431.000034000
14.6608,+2432.000034000
17.2688,+2433.000034000
17.5027,+2434.000034000
18.346,+2435.000034000
17.6506,+2436.000034000
14.0853,+2437.000034000
-3.47965,+2438.000034000
14.5529,+2439.000034000
14.6522,+2440.000034000
18.9295,+2441.000034000
10.4111,+2442.000034000
20.5286,+2443.000034000
10.873,+2444.000034000
19.6873,+2445.000034000
18.3956,+2446.000034000
10.1975,+2447.000034000
9.55962,+2448.000034000
16.0511,+2449.000034000
20.0913,+2450.000034000
3.28147,+2451.000034000
19.5323,+2452.000034000
20.5574,+2453.000034000
10.8545,+2454.000034000
21.284,+2455.000034000
14.033,+2456.000034000
17.7043,+2457.000034000
18.8387,+2458.000034000
13.0519,+2459.000034000
22.8765,+2460.000034000
3.30736,+2461.000034000
16.0374,+2462.000034000
12.254,+2463.000034000
18.2859,+2464.000034000
15.0825,+2465.000034000
17.4912,+2466.000034000
16.8345,+2467.000034000
14.2305,+2468.000034000
18.1355,+2469.000034000
13.557,+2470.000034000
7.20947,+2471.000034000
13.4068,+2472.000034000
16.408,+2473.000034000
16.7973,+2474.000034000
7.98253,+2475.000034000
10.7327,+2476.000034000
6.28616,+2477.000034000
15.6422,+2478.000034000
22.8449,+2479.000034000
15.4727,+2480.000034000
24.4175,+2481.000034000
14.2283,+2482.000034000
20.5107,+2483.000034000
16.8455,+2484.000034000
12.0847,+2485.000034000
13.1282,+2486.000034000
13.853,+2487.000034000
15.8419,+2488.000034000
9.67694,+2489.000034000
13.2239,+2490.000034000
10.8855,+2491.000034000
18.1916,+2492.000034000
9.40732,+2493.000034000
3.57789,+2494.000034000
14.1052,+2495.000034000
19.3256,+2496.000034000
16.26,+2497.000034000
19.4713,+2498.000034000
16.7654,+2499.000034000
3.5217,+2500.000034000
11.8124,+2501.000034000
7.86867,+2502.000034000
20.1734,+2503.000034000
8.61774,+2504.000034000
13.2564,+2505.000034000
12.6514,+2506.000034000
16.4056,+2507.000034000
16.4076,+2508.000034000
11.1767,+2509.000034000
24.3751,+2510.000034000
15.5265,+2511.000034000
16.2365,+2512.000034000
22.0646,+2513.000034000
19.232,+2514.000034000
21.1302,+2515.000034000
10.9063,+2516.000034000
15.8878,+2517.000034000
18.15,+2518.000034000
12.577,+2519.000034000
16.9622,+2520.000034000
11.4185,+2521.000034000
20.0464,+2522.000034000
17.5237,+2523.000034000
9.36233,+2524.000034000
9.28225,+2525.000034000
16.0942,+2526.000034000
18.7015,+2527.000034000
20.6526,+2528.000034000
17.9985,+2529.000034000
19.5535,+2530.000034000
11.4153,+2531.000034000
5.91536,+2532.000034000
17.4839,+2533.000034000
9.38375,+2534.000034000
1.98904,+2535.000034000
18.31,+2536.000034000
17.31,+2537.000034000
9.13263,+2538.000034000
19.5153,+2539.000034000
8.74077,+2540.000034000
16.6551,+2541.000034000
16.0016,+2542.000034000
12.6299,+2543.000034000
19.7173,+2544.000034000
22.1935,+2545.000034000
13.7502,+2546.000034000
22.2134,+2547.000034000
15.2327,+2548.000034000
18.4483,+2549.000034000
8.34691,+2550.000034000
13.2796,+2551.000034000
19.1076,+2552.000034000
18.1665,+2553.000034000
10.9198,+2554.000034000
18.1133,+2555.000034000
12.8029,+2556.000034000
18.5061,+2557.000034000
19.7612,+2558.000034000
10.9642,+2559.000034000
0.0204839,+2560.000034000
14.3053,+2561.000034000
13.732,+2562.000034000
11.3578,+2563.000034000
18.8539,+2564.000034000
15.18,+2565.000034000
15.2656,+2566.000034000
18.9625,+2567.000034000
15.5925,+2568.000034000
15.3725,+2569.000034000
15.3512,+2570.000034000
17.3602,+2571.000034000
9.23413,+2572.000034000
15.3244,+2573.000034000
13.8946,+2574.000034000
19.7709,+2575.000034000
16.51,+2576.000034000
18.7215,+2577.000034000
15.8807,+2578.000034000
19.7476,+2579.000034000
12.0883,+2580.000034000
21.4953,+2581.000034000
17.0175,+2582.000034000
15.7267,+2583.000034000
16.7855,+2584.000034000
15.3588,+2585.000034000
18.918,+2586.000034000
16.9245,+2587.000034000
13.9153,+2588.000034000
15.7408,+2589.000034000
16.951,+2590.000034000
17.4093,+2591.000034000
22.7419,+2592.000034000
19.1165,+2593.000034000
15.0006,+2594.000034000
16.9478,+2595.000034000
14.5339,+2596.000034000
17.0509,+2597.000034000
16.0836,+2598.000034000
18.9751,+2599.000034000
19.5159,+2600.000034000
9.0898,+2601.000034000
12.1715,+2602.000034000
13.4425,+2603.000034000
13.9622,+2604.000034000
13.2672,+2605.000034000
9.74122,+2606.000034000
11.6523,+2607.000034000
14.4017,+2608.000034000
20.9554,+2609.000034000
13.0318,+2610.000034000
19.1466,+2611.000034000
13.9988,+2612.000034000
17.5485,+2613.000034000
7.66977,+2614.000034000
19.4767,+2615.000034000
16.4579,+2616.000034000
12.387,+2617.000034000
11.495,+2618.000034000
19.1942,+2619.000034000
22.6636,+2620.000034000
12.4054,+2621.000034000
11.6229,+2622.000034000
13.5581,+2623.000034000
13.5348,+2624.000034000
7.59057,+2625.000034000
2.91046,+2626.000034000
-2.3159,+2627.000034000
6.65154,+2628.000034000
22.838,+2629.000034000
17.9186,+2630.000034000
13.465,+2631.000034000
4.92017,+2632.000034000
21.3182,+2633.000034000
20.9614,+2634.000034000
18.127,+2635.000034000
19.4928,+2636.000034000
13.1906,+2637.000034000
11.9047,+2638.000034000
8.80608,+2639.000034000
18.0225,+2640.000034000
16.1351,+2641.000034000
16.4256,+2642.000034000
16.2562,+2643.000034000
14.9418,+2644.000034000
15.6689,+2645.000034000
16.2238,+2646.000034000
14.3281,+2647.000034000
8.00303,+2648.000034000
19.9398,+2649.000034000
2.9599,+2650.000034000
16.5519,+2651.000034000
19.1515,+2652.000034000
13.5856,+2653.000034000
16.8482,+2654.000034000
20.0974,+2655.000034000
5.25806,+2656.000034000
17.1505,+2657.000034000
18.9055,+2658.000034000
19.246,+2659.000034000
14.2934,+2660.000034000
10.0197,+2661.000034000
10.1835,+2662.000034000
9.23237,+2663.000034000
13.4591,+2664.000034000
4.97262,+2665.000034000
16.2837,+2666.000034000
16.0165,+2667.000034000
21.838,+2668.000034000
19.3745,+2669.000034000
5.76492,+2670.000034000
7.8212,+2671.000034000
11.1846,+2672.000034000
18.4782,+2673.000034000
13.306,+2674.000034000
7.42056,+2675.000034000
14.6141,+2676.000034000
18.2961,+2677.000034000
11.6895,+2678.000034000
20.1855,+2679.000034000
8.46365,+2680.000034000
14.5286,+2681.000034000
18.1943,+2682.000034000
15.9958,+2683.000034000
19.5952,+2684.000034000
19.4892,+2685.000034000
11.1095,+2686.000034000
13.1058,+2687.000034000
17.4266,+2688.000034000
1.48061,+2689.000034000
20.2786,+2690.000034000
5.9022,+2691.000034000
12.9394,+2692.000034000
17.4417,+2693.000034000
17.9562,+2694.000034000
17.7057,+2695.000034000
16.1837,+2696.000034000
15.1857,+2697.000034000
15.6772,+2698.000034000
12.2193,+2699.000034000
21.0745,+2700.000034000
17.2491,+2701.000034000
20.3542,+2702.000034000
11.667,+2703.000034000
14.4587,+2704.000034000
15.3686,+2705.000034000
17.353,+2706.000034000
17.0465,+2707.000034000
18.3132,+2708.000034000
18.6024,+2709.000034000
20.8787,+2710.000034000
13.0291,+2711.000034000
11.4173,+2712.000034000
4.23285,+2713.000034000
2.54522,+2714.000034000
16.6937,+2715.000034000
17.9869,+2716.000034000
17.1552,+2717.000034000
4.8486,+2718.000034000
16.3097,+2719.000034000
11.2511,+2720.000034000
15.7468,+2721.000034000
17.3276,+2722.000034000
17.8325,+2723.000034000
19.6545,+2724.000034000
12.87,+2725.000034000
18.3969,+2726.000034000
14.0018,+2727.000034000
13.0036,+2728.000034000
18.8926,+2729.000034000
14.2681,+2730.000034000
18.6862,+2731.000034000
21.7461,+2732.000034000
8.69865,+2733.000034000
22.3246,+2734.000034000
0.6165,+2735.000034000
21.2359,+2736.000034000
17.307,+2737.000034000
14.4635,+2738.000034000
11.8141,+2739.000034000
8.95166,+2740.000034000
-5.62451,+2741.000034000
14.8478,+2742.000034000
16.2551,+2743.000034000
15.6633,+2744.000034000
17.4541,+2745.000034000
12.1048,+2746.000034000
15.0856,+2747.000034000
14.5895,+2748.000034000
5.88294,+2749.000034000
8.62018,+2750.000034000
18.4445,+2751.000034000
21.18,+2752.000034000
17.365,+2753.000034000
16.201,+2754.000034000
13.9061,+2755.000034000
17.1109,+2756.000034000
19.7137,+2757.000034000
20.4177,+2758.000034000
7.33529,+2759.000034000
16.1235,+2760.000034000
18.1794,+2761.000034000
18.8654,+2762.000034000
21.9866,+2763.000034000
15.3382,+2764.000034000
16.735,+2765.000034000
18.3204,+2766.000034000
21.7924,+2767.000034000
22.5432,+2768.000034000
19.1265,+2769.000034000
19.6447,+2770.000034000
13.6569,+2771.000034000
17.3385,+2772.000034000
18.652,+2773.000034000
18.4539,+2774.000034000
14.1989,+2775.000034000
16.4836,+2776.000034000
12.933,+2777.000034000
18.9254,+2778.000034000
17.6723,+2779.000034000
11.4936,+2780.000034000
16.2625,+2781.000034000
15.5545,+2782.000034000
13.7015,+2783.000034000
17.5621,+2784.000034000
19.3298,+2785.000034000
21.6822,+2786.000034000
18.8991,+2787.000034000
17.3647,+2788.000034000
16.079,+2789.000034000
17.7868,+2790.000034000
15.47,+2791.000034000
10.4573,+2792.000034000
11.9357,+2793.000034000
17.4913,+2794.000034000
9.86,+2795.000034000
13.104,+2796.000034000
19.4215,+2797.000034000
5.01644,+2798.000034000
19.5292,+2799.000034000
23.3556,+2800.000034000
14.3038,+2801.000034000
12.9494,+2802.000034000
13.709,+2803.000034000
12.4082,+2804.000034000
15.9431,+2805.000034000
22.447,+2806.000034000
10.4994,+2807.000034000
9.21103,+2808.000034000
16.8767,+2809.000034000
23.1947,+2810.000034000
19.8381,+2811.000034000
9.41453,+2812.000034000
14.366,+2813.000034000
17.6247,+2814.000034000
14.4183,+2815.000034000
15.6149,+2816.000034000
18.4281,+2817.000034000
12.3655,+2818.000034000
11.8833,+2819.000034000
20.6128,+2820.000034000
9.40434,+2821.000034000
21.3618,+2822.000034000
17.4684,+2823.000034000
15.8829,+2824.000034000
12.067,+2825.000034000
10.3842,+2826.000034000
10.0594,+2827.000034000
16.9547,+2828.000034000
22.7191,+2829.000034000
-0.833431,+2830.000034000
4.69966,+2831.000034000
6.74008,+2832.000034000
17.6931,+2833.000034000
19.3945,+2834.000034000
5.89172,+2835.000034000
10.2276,+2836.000034000
17.9496,+2837.000034000
-1.09792,+2838.000034000
5.35541,+2839.000034000
15.7173,+2840.000034000
16.219,+2841.000034000
17.2748,+2842.000034000
17.8921,+2843.000034000
15.6782,+2844.000034000
17.9967,+2845.000034000
13.4324,+2846.000034000
17.5862,+2847.000034000
17.7864,+2848.000034000
14.1233,+2849.000034000
15.0509,+2850.000034000
20.4918,+2851.000034000
18.2183,+2852.000034000
19.0414,+2853.000034000
16.612,+2854.000034000
6.57905,+2855.000034000
12.9993,+2856.000034000
17.0796,+2857.000034000
17.6326,+2858.000034000
13.0773,+2859.000034000
18.2824,+2860.000034000
14.435,+2861.000034000
13.1584,+2862.000034000
7.08223,+2863.000034000
17.5256,+2864.000034000
18.3186,+2865.000034000
17.7803,+2866.000034000
17.1303,+2867.000034000
18.1877,+2868.000034000
19.7528,+2869.000034000
17.7833,+2870.000034000
15.1248,+2871.000034000
2.05304,+2872.000034000
5.48127,+2873.000034000
14.9899,+2874.000034000
13.9574,+2875.000034000
16.2995,+2876.000034000
7.76627,+2877.000034000
16.116,+2878.000034000
18.7261,+2879.000034000
7.62308,+2880.000034000
18.8855,+2881.000034000
21.6984,+2882.000034000
9.20804,+2883.000034000
4.57762,+2884.000034000
9.9215,+2885.000034000
20.695,+2886.000034000
20.0622,+2887.000034000
19.5673,+2888.000034000
17.4737,+2889.000034000
16.3286,+2890.000034000
16.8511,+2891.000034000
17.8111,+2892.000034000
21.146,+2893.000034000
4.38829,+2894.000034000
14.2523,+2895.000034000
18.7286,+2896.000034000
19.8047,+2897.000034000
14.9041,+2898.000034000
9.21889,+2899.000034000
12.995,+2900.000034000
12.633,+2901.000034000
13.6645,+2902.000034000
4.10612,+2903.000034000
7.7848,+2904.000034000
16.5951,+2905.000034000
16.9624,+2906.000034000
12.3329,+2907.000034000
20.3653,+2908.000034000
14.3994,+2909.000034000
13.2416,+2910.000034000
16.1166,+2911.000034000
20.1799,+2912.000034000
9.78262,+2913.000034000
21.1805,+2914.000034000
13.7598,+2915.000034000
15.9345,+2916.000034000
19.7809,+2917.000034000
15.0415,+2918.000034000
6.76686,+2919.000034000
12.0791,+2920.000034000
17.4071,+2921.000034000
17.2914,+2922.000034000
1.31462,+2923.000034000
16.5098,+2924.000034000
11.1387,+2925.000034000
4.01616,+2926.000034000
12.4274,+2927.000034000
6.08467,+2928.000034000
14.5417,+2929.000034000
14.3603,+2930.000034000
9.37488,+2931.000034000
3.66765,+2932.000034000
-2.77332,+2933.000034000
23.2005,+2934.000034000
4.94057,+2935.000034000
20.0131,+2936.000034000
16.2649,+2937.000034000
5.98839,+2938.000034000
16.4301,+2939.000034000
8.57651,+2940.000034000
14.346,+2941.000034000
16.8011,+2942.000034000
25.1066,+2943.000034000
19.0357,+2944.000034000
10.0356,+2945.000034000
16.1281,+2946.000034000
16.3715,+2947.000034000
19.313,+2948.000034000
10.6078,+2949.000034000
21.1342,+2950.000034000
19.0937,+2951.000034000
14.1423,+2952.000034000
12.8372,+2953.000034000
16.4423,+2954.000034000
13.1395,+2955.000034000
14.7253,+2956.000034000
12.8256,+2957.000034000
14.3219,+2958.000034000
10.4157,+2959.000034000
14.5377,+2960.000034000
15.654,+2961.000034000
7.19358,+2962.000034000
8.98016,+2963.000034000
11.6809,+2964.000034000
18.9008,+2965.000034000
22.6337,+2966.000034000
13.2974,+2967.000034000
13.4258,+2968.000034000
17.348,+2969.000034000
13.8107,+2970.000034000
18.2956,+2971.000034000
18.3253,+2972.000034000
5.12296,+2973.000034000
14.8005,+2974.000034000
14.2237,+2975.000034000
18.4705,+2976.000034000
13.9251,+2977.000034000
17.1828,+2978.000034000
16.4414,+2979.000034000
14.7023,+2980.000034000
12.6463,+2981.000034000
13.8808,+2982.000034000
19.8955,+2983.000034000
17.8943,+2984.000034000
11.3113,+2985.000034000
15.1476,+2986.000034000
20.6388,+2987.000034000
19.1972,+2988.000034000
17.2122,+2989.000034000
18.3967,+2990.000034000
18.1929,+2991.000034000
14.8393,+2992.000034000
15.1816,+2993.000034000
20.0843,+2994.000034000
12.7224,+2995.000034000
12.8904,+2996.000034000
3.75423,+2997.000034000
17.704,+2998.000034000
16.7975,+2999.000034000
21.4075,+3000.000034000
10.8901,+3001.000034000
16.3103,+3002.000034000
19.3439,+3003.000034000
9.95267,+3004.000034000
9.51178,+3005.000034000
14.9946,+3006.000034000
12.2463,+3007.000034000
16.9653,+3008.000034000
13.2849,+3009.000034000
18.677,+3010.000034000
13.5849,+3011.000034000
7.61205,+3012.000034000
5.98345,+3013.000034000
17.1647,+3014.000034000
15.284,+3015.000034000
9.5419,+3016.000034000
9.10695,+3017.000034000
20.2279,+3018.000034000
14.4022,+3019.000034000
19.1893,+3020.000034000
11.7022,+3021.000034000
19.0424,+3022.000034000
17.148,+3023.000034000
22.2068,+3024.000034000
16.5683,+3025.000034000
11.2688,+3026.000034000
18.1196,+3027.000034000
5.90091,+3028.000034000
8.92129,+3029.000034000
17.4358,+3030.000034000
16.627,+3031.000034000
8.73422,+3032.000034000
20.4677,+3033.000034000
16.567,+3034.000034000
21.642,+3035.000034000
18.2697,+3036.000034000
14.6811,+3037.000034000
-2.84215,+3038.000034000
7.42369,+3039.000034000
12.2643,+3040.000034000
14.647,+3041.000034000
10.5657,+3042.000034000
7.9829,+3043.000034000
16.5752,+3044.000034000
16.4404,+3045.000034000
12.986,+3046.000034000
9.72325,+3047.000034000
15.3164,+3048.000034000
19.1152,+3049.000034000
-2.12007,+3050.000034000
20.9987,+3051.000034000
24.0288,+3052.000034000
14.9981,+3053.000034000
15.7985,+3054.000034000
16.0841,+3055.000034000
10.0523,+3056.000034000
11.9672,+3057.000034000
9.1285,+3058.000034000
-1.74198,+3059.000034000
13.2,+3060.000034000
11.5292,+3061.000034000
11.8523,+3062.000034000
15.748,+3063.000034000
16.2288,+3064.000034000
18.0055,+3065.000034000
12.0636,+3066.000034000
20.332,+3067.000034000
19.0125,+3068.000034000
24.2279,+3069.000034000
19.4496,+3070.000034000
19.3793,+3071.000034000
2.53625,+3072.000034000
14.1305,+3073.000034000
16.6159,+3074.000034000
19.1652,+3075.000034000
18.4177,+3076.000034000
5.34992,+3077.000034000
-0.971889,+3078.000034000
20.0193,+3079.000034000
16.7443,+3080.000034000
10.7881,+3081.000034000
18.8606,+3082.000034000
1.84951,+3083.000034000
12.9505,+3084.000034000
16.9628,+3085.000034000
15.0912,+3086.000034000
14.6938,+3087.000034000
15.6134,+3088.000034000
1.79019,+3089.000034000
12.127,+3090.000034000
16.2772,+3091.000034000
19.077,+3092.000034000
12.7829,+3093.000034000
18.3716,+3094.000034000
7.5743,+3095.000034000
5.62717,+3096.000034000
-2.72227,+3097.000034000
16.9615,+3098.000034000
17.7789,+3099.000034000
7.89126,+3100.000034000
20.6764,+3101.000034000
11.5118,+3102.000034000
18.3861,+3103.000034000
11.3317,+3104.000034000
17.0352,+3105.000034000
17.9936,+3106.000034000
8.67784,+3107.000034000
18.3193,+3108.000034000
9.26719,+3109.000034000
3.56498,+3110.000034000
17.0815,+3111.000034000
15.107,+3112.000034000
18.1231,+3113.000034000
18.3667,+3114.000034000
14.5233,+3115.000034000
16.0809,+3116.000034000
21.6245,+3117.000034000
14.8069,+3118.000034000
13.0635,+3119.000034000
20.1953,+3120.000034000
21.3652,+3121.000034000
15.6634,+3122.000034000
12.6038,+3123.000034000
17.35,+3124.000034000
9.43863,+3125.000034000
4.16123,+3126.000034000
14.2703,+3127.000034000
7.99632,+3128.000034000
19.1998,+3129.000034000
19.8195,+3130.000034000
16.0777,+3131.000034000
11.7394,+3132.000034000
19.7741,+3133.000034000
17.6992,+3134.000034000
13.5789,+3135.000034000
-6.24593,+3136.000034000
21.0729,+3137.000034000
7.63156,+3138.000034000
13.604,+3139.000034000
2.07013,+3140.000034000
17.0484,+3141.000034000
6.46005,+3142.000034000
19.3895,+3143.000034000
19.3822,+3144.000034000
17.1181,+3145.000034000
19.3329,+3146.000034000
12.1247,+3147.000034000
16.1878,+3148.000034000
6.03766,+3149.000034000
14.24,+3150.000034000
1.59459,+3151.000034000
-2.07434,+3152.000034000
14.7061,+3153.000034000
17.2039,+3154.000034000
18.876,+3155.000034000
20.1733,+3156.000034000
20.676,+3157.000034000
2.84683,+3158.000034000
13.915,+3159.000034000
14.3891,+3160.000034000
19.3651,+3161.000034000
10.6225,+3162.000034000
-1.31427,+3163.000034000
9.80499,+3164.000034000
11.0157,+3165.000034000
19.0669,+3166.000034000
21.4973,+3167.000034000
16.7135,+3168.000034000
20.2952,+3169.000034000
19.6502,+3170.000034000
12.0591,+3171.000034000
15.2157,+3172.000034000
17.9194,+3173.000034000
15.2892,+3174.000034000
15.5594,+3175.000034000
18.1875,+3176.000034000
15.4334,+3177.000034000
14.1466,+3178.000034000
15.0648,+3179.000034000
8.15158,+3180.000034000
11.4737,+3181.000034000
10.6427,+3182.000034000
17.3917,+3183.000034000
18.9717,+3184.000034000
15.4328,+3185.000034000
11.4616,+3186.000034000
13.6401,+3187.000034000
-2.21104,+3188.000034000
20.6054,+3189.000034000
-1.08701,+3190.000034000
9.70902,+3191.000034000
10.576,+3192.000034000
21.2744,+3193.000034000
10.9595,+3194.000034000
10.2794,+3195.000034000
21.2689,+3196.000034000
12.1134,+3197.000034000
22.2211,+3198.000034000
6.8347,+3199.000034000
12.9482,+3200.000034000
21.1735,+3201.000034000
17.9724,+3202.000034000
18.174,+3203.000034000
16.4014,+3204.000034000
6.99593,+3205.000034000
14.9798,+3206.000034000
13.8567,+3207.000034000
17.5664,+3208.000034000
10.7208,+3209.000034000
19.9137,+3210.000034000
17.3421,+3211.000034000
11.925,+3212.000034000
19.5737,+3213.000034000
16.9953,+3214.000034000
15.7668,+3215.000034000
15.1066,+3216.000034000
16.7059,+3217.000034000
14.2638,+3218.000034000
13.1759,+3219.000034000
12.5168,+3220.000034000
15.6027,+3221.000034000
20.9198,+3222.000034000
12.9267,+3223.000034000
10.8904,+3224.000034000
13.5072,+3225.000034000
-3.6551,+3226.000034000
9.49168,+3227.000034000
14.861,+3228.000034000
18.8832,+3229.000034000
18.6958,+3230.000034000
18.6153,+3231.000034000
22.3137,+3232.000034000
14.1823,+3233.000034000
16.1408,+3234.000034000
19.2415,+3235.000034000
16.1276,+3236.000034000
17.4793,+3237.000034000
21.4212,+3238.000034000
11.4254,+3239.000034000
16.6534,+3240.000034000
14.3844,+3241.000034000
5.96731,+3242.000034000
17.0344,+3243.000034000
16.0184,+3244.000034000
9.78915,+3245.000034000
17.8595,+3246.000034000
19.3521,+3247.000034000
16.8174,+3248.000034000
18.0983,+3249.000034000
17.4785,+3250.000034000
24.5999,+3251.000034000
10.7725,+3252.000034000
19.6747,+3253.000034000
6.44663,+3254.000034000
14.1295,+3255.000034000
12.6627,+3256.000034000
17.3148,+3257.000034000
20.1472,+3258.000034000
19.1158,+3259.000034000
-1.29086,+3260.000034000
-1.22098,+3261.000034000
21.4202,+3262.000034000
17.0641,+3263.000034000
12.2769,+3264.000034000
11.8444,+3265.000034000
20.713,+3266.000034000
14.6501,+3267.000034000
10.5717,+3268.000034000
-6.0492,+3269.000034000
-0.329497,+3270.000034000
17.5323,+3271.000034000
12.2226,+3272.000034000
4.9998,+3273.000034000
-5.88513,+3274.000034000
14.3273,+3275.000034000
15.8752,+3276.000034000
17.0975,+3277.000034000
13.5478,+3278.000034000
13.2803,+3279.000034000
22.0501,+3280.000034000
19.7203,+3281.000034000
11.4847,+3282.000034000
20.3961,+3283.000034000
16.6123,+3284.000034000
12.9218,+3285.000034000
-1.16251,+3286.000034000
17.015,+3287.000034000
18.2947,+3288.000034000
11.1761,+3289.000034000
17.5378,+3290.000034000
11.0192,+3291.000034000
6.71919,+3292.000034000
24.3971,+3293.000034000
23.2444,+3294.000034000
17.7282,+3295.000034000
12.5634,+3296.000034000
8.92168,+3297.000034000
20.4663,+3298.000034000
15.8477,+3299.000034000
-0.90021,+3300.000034000
10.0297,+3301.000034000
2.48067,+3302.000034000
18.6399,+3303.000034000
13.9698,+3304.000034000
1.57894,+3305.000034000
13.021,+3306.000034000
15.4092,+3307.000034000
17.7677,+3308.000034000
17.619,+3309.000034000
21.7598,+3310.000034000
21.3295,+3311.000034000
11.563,+3312.000034000
17.3305,+3313.000034000
11.3962,+3314.000034000
19.5463,+3315.000034000
16.2049,+3316.000034000
16.7116,+3317.000034000
8.11174,+3318.000034000
21.0286,+3319.000034000
19.704,+3320.000034000
16.8905,+3321.000034000
22.7034,+3322.000034000
16.9281,+3323.000034000
18.0976,+3324.000034000
13.041,+3325.000034000
10.7866,+3326.000034000
17.6434,+3327.000034000
18.459,+3328.000034000
17.8147,+3329.000034000
19.637,+3330.000034000
15.7133,+3331.000034000
12.0589,+3332.000034000
15.5982,+3333.000034000
17.9516,+3334.000034000
20.4832,+3335.000034000
18.9704,+3336.000034000
15.4894,+3337.000034000
18.6755,+3338.000034000
8.89105,+3339.000034000
14.427,+3340.000034000
20.4366,+3341.000034000
7.59209,+3342.000034000
14.6323,+3343.000034000
17.3758,+3344.000034000
23.0406,+3345.000034000
10.4593,+3346.000034000
21.5603,+3347.000034000
11.5423,+3348.000034000
14.4036,+3349.000034000
16.3284,+3350.000034000
21.8854,+3351.000034000
9.45708,+3352.000034000
22.7302,+3353.000034000
11.2896,+3354.000034000
11.6377,+3355.000034000
10.5516,+3356.000034000
16.7469,+3357.000034000
22.3487,+3358.000034000
15.5549,+3359.000034000
3.68237,+3360.000034000
18.1479,+3361.000034000
16.7629,+3362.000034000
9.63197,+3363.000034000
5.69133,+3364.000034000
1.22124,+3365.000034000
12.5023,+3366.000034000
15.9447,+3367.000034000
12.7743,+3368.000034000
19.9189,+3369.000034000
22.3693,+3370.000034000
15.9582,+3371.000034000
22.6253,+3372.000034000
8.64951,+3373.000034000
18.0188,+3374.000034000
20.1339,+3375.000034000
21.7005,+3376.000034000
18.2607,+3377.000034000
11.2784,+3378.000034000
10.3855,+3379.000034000
8.36501,+3380.000034000
20.3361,+3381.000034000
9.15835,+3382.000034000
20.5819,+3383.000034000
15.2495,+3384.000034000
11.8027,+3385.000034000
7.31759,+3386.000034000
22.5784,+3387.000034000
8.21736,+3388.000034000
15.0689,+3389.000034000
16.354,+3390.000034000
11.4984,+3391.000034000
9.09163,+3392.000034000
6.4239,+3393.000034000
19.6768,+3394.000034000
10.719,+3395.000034000
15.5109,+3396.000034000
7.28164,+3397.000034000
-4.83185,+3398.000034000
17.2368,+3399.000034000
12.3772,+3400.000034000
16.2978,+3401.000034000
20.0304,+3402.000034000
19.8794,+3403.000034000
15.3687,+3404.000034000
20.6167,+3405.000034000
15.5222,+3406.000034000
9.62346,+3407.000034000
16.9536,+3408.000034000
11.2676,+3409.000034000
16.6876,+3410.000034000
18.2284,+3411.000034000
17.2576,+3412.000034000
13.0914,+3413.000034000
12.3243,+3414.000034000
16.9359,+3415.000034000
13.0784,+3416.000034000
15.1901,+3417.000034000
21.4993,+3418.000034000
18.6502,+3419.000034000
18.3478,+3420.000034000
19.3473,+3421.000034000
14.3927,+3422.000034000
-2.97959,+3423.000034000
14.069,+3424.000034000
8.77727,+3425.000034000
16.2327,+3426.000034000
21.6683,+3427.000034000
15.5944,+3428.000034000
4.76024,+3429.000034000
18.288,+3430.000034000
19.2486,+3431.000034000
5.61465,+3432.000034000
10.9395,+3433.000034000
17.7855,+3434.000034000
8.74154,+3435.000034000
21.3795,+3436.000034000
15.4277,+3437.000034000
18.3398,+3438.000034000
6.40787,+3439.000034000
2.9533,+3440.000034000
14.7669,+3441.000034000
16.6783,+3442.000034000
17.7879,+3443.000034000
9.83942,+3444.000034000
17.5187,+3445.000034000
-11.5896,+3446.000034000
10.441,+3447.000034000
14.1089,+3448.000034000
19.5851,+3449.000034000
13.7582,+3450.000034000
18.7837,+3451.000034000
16.1208,+3452.000034000
14.6773,+3453.000034000
1.20686,+3454.000034000
11.0517,+3455.000034000
12.8747,+3456.000034000
16.3661,+3457.000034000
9.81708,+3458.000034000
17.5401,+3459.000034000
21.2365,+3460.000034000
15.5759,+3461.000034000
-0.723961,+3462.000034000
13.0419,+3463.000034000
5.60113,+3464.000034000
15.399,+3465.000034000
16.5212,+3466.000034000
11.7885,+3467.000034000
20.7528,+3468.000034000
2.45033,+3469.000034000
21.1441,+3470.000034000
18.7107,+3471.000034000
14.5406,+3472.000034000
8.72231,+3473.000034000
13.6243,+3474.000034000
21.6515,+3475.000034000
18.0941,+3476.000034000
11.8395,+3477.000034000
4.77963,+3478.000034000
9.74672,+3479.000034000
16.3801,+3480.000034000
8.76236,+3481.000034000
14.2667,+3482.000034000
8.37619,+3483.000034000
20.4325,+3484.000034000
22.1558,+3485.000034000
14.8691,+3486.000034000
18.6925,+3487.000034000
14.6657,+3488.000034000
11.8521,+3489.000034000
20.3885,+3490.000034000
16.6357,+3491.000034000
7.44274,+3492.000034000
11.7074,+3493.000034000
13.0364,+3494.000034000
17.2448,+3495.000034000
15.2089,+3496.000034000
19.6527,+3497.000034000
13.2143,+3498.000034000
17.8058,+3499.000034000
12.6265,+3500.000034000
11.1617,+3501.000034000
21.4915,+3502.000034000
11.5714,+3503.000034000
21.524,+3504.000034000
17.6483,+3505.000034000
19.5803,+3506.000034000
17.4723,+3507.000034000
21.5604,+3508.000034000
12.9567,+3509.000034000
18.2547,+3510.000034000
15.7765,+3511.000034000
17.479,+3512.000034000
6.21223,+3513.000034000
11.9376,+3514.000034000
16.0245,+3515.000034000
11.9361,+3516.000034000
9.35275,+3517.000034000
16.2962,+3518.000034000
8.52801,+3519.000034000
8.9845,+3520.000034000
14.2733,+3521.000034000
14.7191,+3522.000034000
8.23359,+3523.000034000
22.4741,+3524.000034000
20.2498,+3525.000034000
18.4735,+3526.000034000
14.2222,+3527.000034000
13.4738,+3528.000034000
12.7374,+3529.000034000
11.1999,+3530.000034000
17.7924,+3531.000034000
16.4273,+3532.000034000
20.504,+3533.000034000
13.7725,+3534.000034000
24.268,+3535.000034000
16.2251,+3536.000034000
3.50901,+3537.000034000
15.9492,+3538.000034000
20.0727,+3539.000034000
15.4402,+3540.000034000
15.6993,+3541.000034000
7.53478,+3542.000034000
9.81829,+3543.000034000
14.0821,+3544.000034000
8.02535,+3545.000034000
-2.43374,+3546.000034000
19.6407,+3547.000034000
13.7581,+3548.000034000
3.15794,+3549.000034000
17.9794,+3550.000034000
19.0658,+3551.000034000
23.5447,+3552.000034000
17.61,+3553.000034000
19.6584,+3554.000034000
17.1828,+3555.000034000
15.9931,+3556.000034000
14.7481,+3557.000034000
19.8209,+3558.000034000
13.4722,+3559.000034000
14.299,+3560.000034000
18.541,+3561.000034000
0.838652,+3562.000034000
18.1147,+3563.000034000
18.234,+3564.000034000
17.2432,+3565.000034000
14.1326,+3566.000034000
21.0307,+3567.000034000
6.13485,+3568.000034000
16.1936,+3569.000034000
19.3819,+3570.000034000
14.8125,+3571.000034000
15.6289,+3572.000034000
17.6215,+3573.000034000
7.68206,+3574.000034000
8.88858,+3575.000034000
13.0618,+3576.000034000
20.6429,+3577.000034000
13.0154,+3578.000034000
3.79209,+3579.000034000
16.8763,+3580.000034000
20.2716,+3581.000034000
22.3416,+3582.000034000
19.9705,+3583.000034000
6.49381,+3584.000034000
5.88604,+3585.000034000
20.1045,+3586.000034000
17.1456,+3587.000034000
8.89986,+3588.000034000
16.8036,+3589.000034000
19.0676,+3590.000034000
8.86357,+3591.000034000
17.5981,+3592.000034000
18.6534,+3593.000034000
14.9436,+3594.000034000
19.5444,+3595.000034000
10.2683,+3596.000034000
19.0291,+3597.000034000
14.2923,+3598.000034000
22.6308,+3599.000034000
21.9174,+3600.000034000
14.3598,+3601.000034000
